QC02-402_k31_TRINITY_DN951_c0_g1_i1,5_M_W_vs_8_M_W_up
LCP85-384_k25_TRINITY_DN14731_c0_g2_i2,5_M_W_vs_8_M_W_up
KQ08-2850_k25_TRINITY_DN712_c1_g1_i12,5_M_W_vs_8_M_W_up
B2_k25_TRINITY_DN1983_c0_g2_i3,5_M_W_vs_8_M_W_up
SP803280_IQUSP_evm.model.uti_cns_0206157.1,5_M_W_vs_8_M_W_up
ROC20_k25_TRINITY_DN3395_c0_g2_i3,5_M_W_vs_8_M_W_up
ROC26_k25_TRINITY_DN82481_c0_g1_i1,5_M_W_vs_8_M_W_up
T1_k25_TRINITY_DN6050_c0_g1_i10,5_M_W_vs_8_M_W_up
ROC26_k31_TRINITY_DN3466_c0_g1_i2,5_M_W_vs_8_M_W_up
QN05-1460_k31_TRINITY_DN1386_c0_g1_i2,5_M_W_vs_8_M_W_up
KQB09-23137_k25_TRINITY_DN8736_c0_g1_i2,5_M_W_vs_8_M_W_up
QA02-1009_k25_TRINITY_DN226_c0_g1_i1,5_M_W_vs_8_M_W_up
SP80-3280_Mattielo_SP803280_c110973_g1_i1,5_M_W_vs_8_M_W_up
QN05-803_k31_TRINITY_DN22085_c0_g2_i1,5_M_W_vs_8_M_W_up
GUC10_k25_TRINITY_DN30835_c0_g1_i1,5_M_W_vs_8_M_W_up
KQ08-2850_k31_TRINITY_DN482_c0_g2_i3,5_M_W_vs_8_M_W_up
QA96-1749_k31_TRINITY_DN889_c0_g1_i1,5_M_W_vs_8_M_W_up
GN18_k31_TRINITY_DN10224_c0_g1_i8,5_M_W_vs_8_M_W_up
QN05-1460_k31_TRINITY_DN27105_c1_g1_i9,5_M_W_vs_8_M_W_up
QA02-1009_k25_TRINITY_DN15103_c0_g1_i4,5_M_W_vs_8_M_W_up
QN05-803_k25_TRINITY_DN79390_c0_g1_i1,5_M_W_vs_8_M_W_up
GT96-167_k31_TRINITY_DN17191_c0_g1_i2,5_M_W_vs_8_M_W_up
Co06022_k31_TRINITY_DN59399_c2_g1_i1,5_M_W_vs_8_M_W_up
Q241_k25_TRINITY_DN2634_c0_g1_i3,5_M_W_vs_8_M_W_up
GT96-167_k25_TRINITY_DN5280_c0_g2_i1,5_M_W_vs_8_M_W_up
F1-Bulk-2_k25_TRINITY_DN16428_c0_g1_i13,5_M_W_vs_8_M_W_up
B1_k25_TRINITY_DN9767_c0_g3_i3,5_M_W_vs_8_M_W_up
T1_k31_TRINITY_DN10544_c0_g1_i11,5_M_W_vs_8_M_W_up
MT11-610_k31_TRINITY_DN15866_c0_g1_i14,5_M_W_vs_8_M_W_up
QN05-1509_k31_TRINITY_DN6953_c0_g2_i2,5_M_W_vs_8_M_W_up
GUC10_k25_TRINITY_DN5972_c0_g1_i3,5_M_W_vs_8_M_W_up
ROC20_k31_TRINITY_DN13204_c0_g2_i1,5_M_W_vs_8_M_W_up
ROC22_k31_TRINITY_DN19515_c0_g5_i1,5_M_W_vs_8_M_W_up
GUC2_k25_TRINITY_DN38457_c0_g1_i2,5_M_W_vs_8_M_W_up
SP803280_IQUSP_evm.model.uti_cns_0118226.3,5_M_W_vs_8_M_W_up
ROC20_k31_TRINITY_DN13379_c0_g1_i7,5_M_W_vs_8_M_W_up
MT11-610_k25_TRINITY_DN8328_c0_g1_i6,5_M_W_vs_8_M_W_up
TUC717_k25_TRINITY_DN488_c0_g1_i10,5_M_W_vs_8_M_W_up
F1-Bulk-2_k25_TRINITY_DN20138_c0_g1_i4,5_M_W_vs_8_M_W_up
QS99-2014_k31_TRINITY_DN3530_c0_g1_i9,5_M_W_vs_8_M_W_up
R570_BAC_Sh_204H05_p000100,5_M_W_vs_8_M_W_up
MT11-610_k31_TRINITY_DN15866_c0_g1_i11,5_M_W_vs_8_M_W_up
LCP85-384_k25_TRINITY_DN30417_c1_g2_i1,5_M_W_vs_8_M_W_up
MT11-610_k25_TRINITY_DN171120_c0_g2_i1,5_M_W_vs_8_M_W_up
CoV92102_k25_TRINITY_DN13971_c0_g1_i9,5_M_W_vs_8_M_W_up
QA02-1009_k31_TRINITY_DN5767_c0_g1_i16,5_M_W_vs_8_M_W_up
LCP85-384_k31_TRINITY_DN25945_c0_g2_i1,5_M_W_vs_8_M_W_up
GXU-34140_k31_TRINITY_DN113_c0_g1_i12,5_M_W_vs_8_M_W_up
Co8021_k31_TRINITY_DN2491_c0_g1_i2,5_M_W_vs_8_M_W_up
QN05-1509_k25_TRINITY_DN5523_c0_g1_i5,5_M_W_vs_8_M_W_up
ROC20_k31_TRINITY_DN20888_c0_g1_i2,5_M_W_vs_8_M_W_up
GXU-34140_k25_TRINITY_DN9279_c0_g1_i3,5_M_W_vs_8_M_W_up
QBYN04-26041_k25_TRINITY_DN3012_c0_g2_i1,5_M_W_vs_8_M_W_up
B2_k25_TRINITY_DN4407_c0_g2_i13,5_M_W_vs_8_M_W_up
ROC26_k31_TRINITY_DN40812_c0_g1_i1,5_M_W_vs_8_M_W_up
SP80-3280_Mattielo_SP803280_c128825_g1_i1,5_M_W_vs_8_M_W_up
Q200_k25_TRINITY_DN9292_c1_g1_i2,5_M_W_vs_8_M_W_up
GXU-34140_k25_TRINITY_DN12689_c0_g2_i5,5_M_W_vs_8_M_W_up
ROC22_k25_TRINITY_DN3501_c1_g1_i3,5_M_W_vs_8_M_W_up
GT96-167_k25_TRINITY_DN7206_c0_g1_i4,5_M_W_vs_8_M_W_up
CP74-2005_k31_TRINITY_DN19457_c0_g2_i6,5_M_W_vs_8_M_W_up
SP803280_IQUSP_evm.model.uti_cns_0241939.2,5_M_W_vs_8_M_W_up
T2_k31_TRINITY_DN6977_c0_g4_i1,5_M_W_vs_8_M_W_up
QN05-1743_k25_TRINITY_DN3059_c0_g1_i7,5_M_W_vs_8_M_W_up
SP803280_IQUSP_evm.model.unitig_336903.1,5_M_W_vs_8_M_W_up
Q241_k31_TRINITY_DN2627_c0_g1_i7,5_M_W_vs_8_M_W_up
KQ08-2850_k25_TRINITY_DN26467_c0_g1_i3,5_M_W_vs_8_M_W_up
SP80-3280_Mattielo_SP803280_c103486_g3_i2,5_M_W_vs_8_M_W_up
Q241_k31_TRINITY_DN4436_c0_g1_i4,5_M_W_vs_8_M_W_up
KQB07-24619_k25_TRINITY_DN21042_c0_g2_i2,5_M_W_vs_8_M_W_up
QS99-2014_k31_TRINITY_DN12732_c0_g1_i11,5_M_W_vs_8_M_W_up
QN05-1743_k25_TRINITY_DN324_c0_g1_i1,5_M_W_vs_8_M_W_up
TUC717_k25_TRINITY_DN486_c0_g1_i2,5_M_W_vs_8_M_W_up
Co8021_k31_TRINITY_DN15306_c0_g1_i1,5_M_W_vs_8_M_W_up
US851008_k31_TRINITY_DN2732_c0_g1_i4,5_M_W_vs_8_M_W_up
ROC22_k31_TRINITY_DN21001_c0_g2_i1,5_M_W_vs_8_M_W_up
US851008_k31_TRINITY_DN42819_c0_g2_i2,5_M_W_vs_8_M_W_up
GT96-167_k31_TRINITY_DN19660_c0_g1_i5,5_M_W_vs_8_M_W_up
ROC22_k31_TRINITY_DN9607_c0_g1_i13,5_M_W_vs_8_M_W_up
GUC10_k25_TRINITY_DN5318_c0_g1_i6,5_M_W_vs_8_M_W_up
ROC22_k25_TRINITY_DN14767_c0_g1_i25,5_M_W_vs_8_M_W_up
CoV92102_k25_TRINITY_DN20451_c0_g1_i8,5_M_W_vs_8_M_W_up
RB855156_k31_TRINITY_DN21890_c0_g1_i5,5_M_W_vs_8_M_W_up
ROC20_k31_TRINITY_DN2973_c0_g1_i6,5_M_W_vs_8_M_W_up
ROC26_k31_TRINITY_DN13514_c0_g4_i8,5_M_W_vs_8_M_W_up
SP80-3280_Mattielo_SP803280_c71810_g1_i1,5_M_W_vs_8_M_W_up
CP74-2005_k25_TRINITY_DN31844_c1_g1_i4,5_M_W_vs_8_M_W_up
KQ08-2850_k25_TRINITY_DN3928_c0_g1_i3,5_M_W_vs_8_M_W_up
GT96-167_k31_TRINITY_DN2700_c0_g1_i4,5_M_W_vs_8_M_W_up
RB72454_k31_TRINITY_DN937_c0_g1_i10,5_M_W_vs_8_M_W_up
MT11-610_k25_TRINITY_DN17522_c0_g1_i10,5_M_W_vs_8_M_W_up
KQB09-20432_k25_TRINITY_DN11829_c0_g1_i1,5_M_W_vs_8_M_W_up
Q241_k25_TRINITY_DN8420_c0_g2_i3,5_M_W_vs_8_M_W_up
LCP85-384_k31_TRINITY_DN36542_c0_g2_i3,5_M_W_vs_8_M_W_up
QBYN04-26041_k25_TRINITY_DN18733_c0_g3_i1,5_M_W_vs_8_M_W_up
T1_k31_TRINITY_DN24514_c0_g1_i4,5_M_W_vs_8_M_W_up
MS6847_k31_TRINITY_DN5523_c0_g1_i3,5_M_W_vs_8_M_W_up
QN05-1460_k31_TRINITY_DN2653_c0_g1_i4,5_M_W_vs_8_M_W_up
CP74-2005_k31_TRINITY_DN4544_c0_g1_i5,5_M_W_vs_8_M_W_up
LCP85-384_k31_TRINITY_DN4056_c0_g4_i2,5_M_W_vs_8_M_W_up
B1_k31_TRINITY_DN23118_c0_g2_i6,5_M_W_vs_8_M_W_up
US851008_k25_TRINITY_DN5126_c0_g1_i5,5_M_W_vs_8_M_W_up
ROC20_k25_TRINITY_DN88216_c0_g1_i2,5_M_W_vs_8_M_W_up
Q200_k31_TRINITY_DN2909_c1_g1_i4,5_M_W_vs_8_M_W_up
ROC20_k25_TRINITY_DN16675_c0_g1_i14,5_M_W_vs_8_M_W_up
GN18_k31_TRINITY_DN32441_c0_g2_i2,5_M_W_vs_8_M_W_up
ROC22_k25_TRINITY_DN29168_c0_g1_i4,5_M_W_vs_8_M_W_up
Co06022_k31_TRINITY_DN6593_c0_g1_i8,5_M_W_vs_8_M_W_up
GXU-34140_k25_TRINITY_DN3494_c0_g2_i1,5_M_W_vs_8_M_W_up
KQB07-24739_k31_TRINITY_DN1743_c0_g2_i3,5_M_W_vs_8_M_W_up
ROC20_k25_TRINITY_DN11861_c0_g1_i2,5_M_W_vs_8_M_W_up
ROC20_k25_TRINITY_DN3362_c0_g2_i1,5_M_W_vs_8_M_W_up
Co8021_k25_TRINITY_DN15852_c0_g1_i6,5_M_W_vs_8_M_W_up
ROC20_k25_TRINITY_DN25929_c0_g1_i3,5_M_W_vs_8_M_W_up
T1_k31_TRINITY_DN4606_c0_g1_i4,5_M_W_vs_8_M_W_up
KQB09-20620_k25_TRINITY_DN3374_c0_g1_i22,5_M_W_vs_8_M_W_up
ROC22_k31_TRINITY_DN55683_c0_g2_i4,5_M_W_vs_8_M_W_up
QN05-1509_k31_TRINITY_DN181_c1_g1_i1,5_M_W_vs_8_M_W_up
QN05-1743_k25_TRINITY_DN9767_c0_g2_i2,5_M_W_vs_8_M_W_up
SP80-3280_unmappedk31_TRINITY_DN215_c0_g1_i2,5_M_W_vs_8_M_W_up
SP80-3280_Mattielo_SP803280_c100845_g1_i2,5_M_W_vs_8_M_W_up
KQB07-23863_k31_TRINITY_DN325_c0_g1_i2,5_M_W_vs_8_M_W_up
Co06022_k25_TRINITY_DN14767_c0_g1_i2,5_M_W_vs_8_M_W_up
KQB07-24739_k25_TRINITY_DN21852_c0_g1_i1,5_M_W_vs_8_M_W_up
QS99-2014_k25_TRINITY_DN29141_c0_g1_i2,5_M_W_vs_8_M_W_up
Co8021_k31_TRINITY_DN80859_c1_g1_i1,5_M_W_vs_8_M_W_up
US851008_k31_TRINITY_DN7513_c0_g1_i11,5_M_W_vs_8_M_W_up
RB72454_k31_TRINITY_DN9891_c0_g2_i2,5_M_W_vs_8_M_W_up
GT96-167_k31_TRINITY_DN81523_c0_g1_i1,5_M_W_vs_8_M_W_up
KQB07-24619_k31_TRINITY_DN2164_c0_g1_i7,5_M_W_vs_8_M_W_up
QC02-402_k25_TRINITY_DN6544_c1_g1_i5,5_M_W_vs_8_M_W_up
Q241_k25_TRINITY_DN4890_c0_g1_i1,5_M_W_vs_8_M_W_up
KQB07-23863_k31_TRINITY_DN33875_c0_g1_i2,5_M_W_vs_8_M_W_up
GT96-167_k31_TRINITY_DN4502_c0_g1_i1,5_M_W_vs_8_M_W_up
QN05-1509_k31_TRINITY_DN39433_c0_g1_i2,5_M_W_vs_8_M_W_up
QN05-1509_k25_TRINITY_DN7812_c1_g1_i13,5_M_W_vs_8_M_W_up
CP74-2005_k31_TRINITY_DN52678_c0_g1_i10,5_M_W_vs_8_M_W_up
Co8021_k31_TRINITY_DN8341_c0_g1_i6,5_M_W_vs_8_M_W_up
KQ08-2850_k31_TRINITY_DN13567_c0_g1_i8,5_M_W_vs_8_M_W_up
QN05-1743_k31_TRINITY_DN1063_c0_g1_i12,5_M_W_vs_8_M_W_up
QA96-1749_k31_TRINITY_DN4831_c0_g1_i9,5_M_W_vs_8_M_W_up
ROC20_k25_TRINITY_DN182415_c0_g2_i1,5_M_W_vs_8_M_W_up
GN18_k25_TRINITY_DN34698_c0_g1_i1,5_M_W_vs_8_M_W_up
GT96-167_k25_TRINITY_DN10003_c0_g1_i2,5_M_W_vs_8_M_W_up
KQB08-32953_k25_TRINITY_DN4609_c0_g1_i14,5_M_W_vs_8_M_W_up
KQB07-23990_k31_TRINITY_DN1884_c0_g1_i4,5_M_W_vs_8_M_W_up
CP74-2005_k31_TRINITY_DN50559_c0_g1_i1,5_M_W_vs_8_M_W_up
LCP85-384_k31_TRINITY_DN10555_c0_g2_i3,5_M_W_vs_8_M_W_up
GXU-34176_k31_TRINITY_DN9376_c0_g2_i2,5_M_W_vs_8_M_W_up
RB72454_k31_TRINITY_DN5509_c0_g1_i8,5_M_W_vs_8_M_W_up
ROC20_k31_TRINITY_DN34755_c0_g2_i4,5_M_W_vs_8_M_W_up
QS99-2014_k25_TRINITY_DN7940_c0_g1_i1,5_M_W_vs_8_M_W_up
US851008_k31_TRINITY_DN4604_c0_g1_i1,5_M_W_vs_8_M_W_up
Q241_k25_TRINITY_DN44277_c0_g1_i1,5_M_W_vs_8_M_W_up
QN05-1460_k25_TRINITY_DN5408_c0_g1_i1,5_M_W_vs_8_M_W_up
Co06022_k25_TRINITY_DN4980_c0_g1_i18,5_M_W_vs_8_M_W_up
RB855156_k31_TRINITY_DN2775_c0_g1_i10,5_M_W_vs_8_M_W_up
MT11-610_k25_TRINITY_DN27818_c0_g2_i9,5_M_W_vs_8_M_W_up
KQB07-24619_k31_TRINITY_DN3484_c0_g2_i5,5_M_W_vs_8_M_W_up
QBYN04-26041_k31_TRINITY_DN1483_c0_g2_i2,5_M_W_vs_8_M_W_up
Co8021_k25_TRINITY_DN7478_c0_g1_i2,5_M_W_vs_8_M_W_up
KQB09-20432_k25_TRINITY_DN26315_c0_g1_i2,5_M_W_vs_8_M_W_up
KQB09-23137_k25_TRINITY_DN24156_c1_g1_i3,5_M_W_vs_8_M_W_up
ROC20_k25_TRINITY_DN25719_c0_g2_i7,5_M_W_vs_8_M_W_up
TUC717_k25_TRINITY_DN36102_c0_g1_i1,5_M_W_vs_8_M_W_up
R570_BAC_Sh_247A08_p000150,5_M_W_vs_8_M_W_up
CP74-2005_k31_TRINITY_DN8559_c1_g1_i15,5_M_W_vs_8_M_W_up
GN18_k31_TRINITY_DN10224_c0_g1_i15,5_M_W_vs_8_M_W_up
LCP85-384_k31_TRINITY_DN77_c1_g2_i3,5_M_W_vs_8_M_W_up
QA96-1749_k31_TRINITY_DN66220_c0_g1_i1,5_M_W_vs_8_M_W_up
QS99-2014_k31_TRINITY_DN3800_c0_g1_i12,5_M_W_vs_8_M_W_up
SP80-3280_Mattielo_SP803280_c96701_g1_i2,5_M_W_vs_8_M_W_up
QA96-1749_k25_TRINITY_DN12760_c0_g2_i5,5_M_W_vs_8_M_W_up
KQ08-2850_k25_TRINITY_DN4859_c0_g1_i3,5_M_W_vs_8_M_W_up
KQB09-20432_k25_TRINITY_DN19130_c0_g1_i8,5_M_W_vs_8_M_W_up
GUC10_k25_TRINITY_DN19338_c0_g1_i2,5_M_W_vs_8_M_W_up
GXU-34176_k25_TRINITY_DN10967_c0_g3_i1,5_M_W_vs_8_M_W_up
QN05-803_k31_TRINITY_DN506_c0_g1_i1,5_M_W_vs_8_M_W_up
GN18_k25_TRINITY_DN32276_c0_g1_i8,5_M_W_vs_8_M_W_up
ROC20_k31_TRINITY_DN2242_c0_g1_i12,5_M_W_vs_8_M_W_up
RB72454_k25_TRINITY_DN23814_c0_g1_i2,5_M_W_vs_8_M_W_up
GN18_k31_TRINITY_DN15839_c0_g2_i1,5_M_W_vs_8_M_W_up
GXU-34140_k25_TRINITY_DN5954_c0_g1_i3,5_M_W_vs_8_M_W_up
QN05-1743_k31_TRINITY_DN17569_c0_g1_i6,5_M_W_vs_8_M_W_up
US851008_k25_TRINITY_DN30044_c0_g1_i2,5_M_W_vs_8_M_W_up
SP80-3280_Mattielo_SP803280_c117167_g3_i1,5_M_W_vs_8_M_W_up
ROC20_k25_TRINITY_DN35904_c0_g1_i2,5_M_W_vs_8_M_W_up
RB72454_k31_TRINITY_DN11641_c0_g1_i5,5_M_W_vs_8_M_W_up
KQB07-24739_k25_TRINITY_DN2836_c0_g1_i4,5_M_W_vs_8_M_W_up
RB855156_k31_TRINITY_DN5695_c0_g2_i5,5_M_W_vs_8_M_W_up
QN05-803_k25_TRINITY_DN10307_c0_g1_i6,5_M_W_vs_8_M_W_up
QN05-1509_k31_TRINITY_DN16871_c0_g1_i5,5_M_W_vs_8_M_W_up
TUC717_k25_TRINITY_DN6744_c0_g2_i7,5_M_W_vs_8_M_W_up
TUC717_k25_TRINITY_DN1724_c0_g1_i4,5_M_W_vs_8_M_W_up
Co06022_k25_TRINITY_DN2565_c0_g1_i1,5_M_W_vs_8_M_W_up
ROC20_k25_TRINITY_DN17966_c0_g1_i7,5_M_W_vs_8_M_W_up
QA96-1749_k25_TRINITY_DN1716_c0_g1_i2,5_M_W_vs_8_M_W_up
GT96-167_k31_TRINITY_DN6714_c0_g2_i5,5_M_W_vs_8_M_W_up
GT96-167_k25_TRINITY_DN7087_c0_g2_i2,5_M_W_vs_8_M_W_up
F1-Bulk-1_k25_TRINITY_DN21113_c0_g2_i2,5_M_W_vs_8_M_W_up
US851008_k25_TRINITY_DN1127_c0_g1_i11,5_M_W_vs_8_M_W_up
SP803280_CTBE_evm.model.SCSP803280_000038218.1,5_M_W_vs_8_M_W_up
KQB08-32953_k25_TRINITY_DN5642_c0_g1_i2,5_M_W_vs_8_M_W_up
LCP85-384_k31_TRINITY_DN327_c0_g4_i2,5_M_W_vs_8_M_W_up
CP74-2005_k31_TRINITY_DN17647_c0_g1_i19,5_M_W_vs_8_M_W_up
ROC20_k31_TRINITY_DN11255_c0_g1_i11,5_M_W_vs_8_M_W_up
GXU-34140_k25_TRINITY_DN58212_c0_g1_i1,5_M_W_vs_8_M_W_up
Q200_k25_TRINITY_DN12911_c0_g1_i1,5_M_W_vs_8_M_W_up
QN05-1509_k25_TRINITY_DN2483_c0_g1_i3,5_M_W_vs_8_M_W_up
MT11-610_k25_TRINITY_DN69799_c0_g1_i3,5_M_W_vs_8_M_W_up
KQB08-32953_k31_TRINITY_DN704_c0_g2_i2,5_M_W_vs_8_M_W_up
B1_k31_TRINITY_DN12371_c0_g1_i10,5_M_W_vs_8_M_W_up
Q200_k31_TRINITY_DN6554_c0_g1_i10,5_M_W_vs_8_M_W_up
ROC26_k31_TRINITY_DN4646_c0_g2_i6,5_M_W_vs_8_M_W_up
QA96-1749_k25_TRINITY_DN68244_c0_g1_i1,5_M_W_vs_8_M_W_up
T1_k25_TRINITY_DN10355_c0_g2_i1,5_M_W_vs_8_M_W_up
QS99-2014_k25_TRINITY_DN2165_c0_g1_i15,5_M_W_vs_8_M_W_up
ROC20_k25_TRINITY_DN28017_c0_g1_i1,5_M_W_vs_8_M_W_up
QA02-1009_k31_TRINITY_DN2558_c0_g1_i6,5_M_W_vs_8_M_W_up
CP74-2005_k25_TRINITY_DN264_c1_g1_i1,5_M_W_vs_8_M_W_up
LCP85-384_k31_TRINITY_DN120191_c0_g3_i1,5_M_W_vs_8_M_W_up
ROC26_k31_TRINITY_DN13175_c0_g1_i12,5_M_W_vs_8_M_W_up
ROC20_k31_TRINITY_DN17049_c0_g1_i8,5_M_W_vs_8_M_W_up
TUC717_k31_TRINITY_DN11883_c1_g1_i3,5_M_W_vs_8_M_W_up
ROC22_k25_TRINITY_DN4649_c0_g1_i3,5_M_W_vs_8_M_W_up
T1_k25_TRINITY_DN11881_c0_g1_i12,5_M_W_vs_8_M_W_up
Q200_k25_TRINITY_DN18362_c0_g1_i3,5_M_W_vs_8_M_W_up
QN05-1743_k31_TRINITY_DN5041_c0_g1_i9,5_M_W_vs_8_M_W_up
R570_BAC_Sh_216I03_p000030,5_M_W_vs_8_M_W_up
Q200_k31_TRINITY_DN2960_c0_g1_i8,5_M_W_vs_8_M_W_up
QA02-1009_k25_TRINITY_DN321_c0_g2_i1,5_M_W_vs_8_M_W_up
SP80-3280_Mattielo_SP803280_c95270_g1_i4,5_M_W_vs_8_M_W_up
MS6847_k25_TRINITY_DN3568_c0_g3_i1,5_M_W_vs_8_M_W_up
KQB09-20620_k31_TRINITY_DN33020_c0_g1_i2,5_M_W_vs_8_M_W_up
Q241_k31_TRINITY_DN31475_c0_g1_i2,5_M_W_vs_8_M_W_up
Q241_k25_TRINITY_DN66676_c0_g1_i1,5_M_W_vs_8_M_W_up
KQ08-2850_k25_TRINITY_DN3732_c0_g3_i3,5_M_W_vs_8_M_W_up
QN05-1743_k25_TRINITY_DN3028_c0_g1_i4,5_M_W_vs_8_M_W_up
GXU-34140_k25_TRINITY_DN47484_c0_g2_i2,5_M_W_vs_8_M_W_up
SP803280_IQUSP_evm.model.uti_cns_0320668.1,5_M_W_vs_8_M_W_up
QA02-1009_k31_TRINITY_DN4247_c0_g2_i17,5_M_W_vs_8_M_W_up
CP74-2005_k31_TRINITY_DN112092_c0_g1_i1,5_M_W_vs_8_M_W_up
RB72454_k31_TRINITY_DN2242_c0_g1_i10,5_M_W_vs_8_M_W_up
ROC22_k25_TRINITY_DN10975_c0_g1_i1,5_M_W_vs_8_M_W_up
US851008_k25_TRINITY_DN214_c1_g1_i1,5_M_W_vs_8_M_W_up
QN05-1743_k31_TRINITY_DN84515_c0_g1_i1,5_M_W_vs_8_M_W_up
MT11-610_k31_TRINITY_DN23199_c0_g1_i6,5_M_W_vs_8_M_W_up
TUC717_k25_TRINITY_DN569_c0_g1_i19,5_M_W_vs_8_M_W_up
GXU-34176_k25_TRINITY_DN54367_c0_g1_i1,5_M_W_vs_8_M_W_up
ROC22_k25_TRINITY_DN30718_c0_g1_i1,5_M_W_vs_8_M_W_up
CP74-2005_k25_TRINITY_DN84640_c0_g1_i1,5_M_W_vs_8_M_W_up
RB72454_k25_TRINITY_DN2539_c0_g2_i7,5_M_W_vs_8_M_W_up
ROC20_k31_TRINITY_DN12115_c0_g1_i1,5_M_W_vs_8_M_W_up
QS99-2014_k25_TRINITY_DN4695_c0_g1_i1,5_M_W_vs_8_M_W_up
QA96-1749_k25_TRINITY_DN3473_c1_g1_i5,5_M_W_vs_8_M_W_up
ROC20_k25_TRINITY_DN1562_c0_g1_i4,5_M_W_vs_8_M_W_up
Q241_k25_TRINITY_DN4477_c0_g2_i1,5_M_W_vs_8_M_W_up
ROC22_k25_TRINITY_DN3546_c0_g1_i6,5_M_W_vs_8_M_W_up
ROC22_k31_TRINITY_DN9592_c0_g1_i14,5_M_W_vs_8_M_W_up
ROC26_k31_TRINITY_DN36325_c0_g1_i3,5_M_W_vs_8_M_W_up
GN18_k25_TRINITY_DN608_c0_g1_i18,5_M_W_vs_8_M_W_up
TUC717_k31_TRINITY_DN5125_c0_g1_i8,5_M_W_vs_8_M_W_up
QA96-1749_k31_TRINITY_DN2569_c0_g1_i2,5_M_W_vs_8_M_W_up
QA96-1749_k31_TRINITY_DN8111_c0_g1_i2,5_M_W_vs_8_M_W_up
ROC22_k31_TRINITY_DN27908_c0_g1_i1,5_M_W_vs_8_M_W_up
GN18_k25_TRINITY_DN52890_c0_g2_i6,5_M_W_vs_8_M_W_up
ROC20_k31_TRINITY_DN6797_c0_g1_i1,5_M_W_vs_8_M_W_up
GUC10_k31_TRINITY_DN10006_c0_g1_i3,5_M_W_vs_8_M_W_up
Co06022_k25_TRINITY_DN9074_c0_g2_i8,5_M_W_vs_8_M_W_up
Q200_k31_TRINITY_DN5259_c0_g3_i21,5_M_W_vs_8_M_W_up
ROC20_k25_TRINITY_DN40826_c0_g1_i5,5_M_W_vs_8_M_W_up
CoV92102_k31_TRINITY_DN6994_c1_g1_i3,5_M_W_vs_8_M_W_up
QN05-1743_k25_TRINITY_DN413_c0_g1_i35,5_M_W_vs_8_M_W_up
GUC10_k31_TRINITY_DN17408_c0_g1_i1,5_M_W_vs_8_M_W_up
KQB09-20620_k25_TRINITY_DN69017_c0_g1_i1,5_M_W_vs_8_M_W_up
KQB07-24739_k25_TRINITY_DN13240_c0_g1_i11,5_M_W_vs_8_M_W_up
KQB07-24619_k25_TRINITY_DN8375_c0_g2_i3,5_M_W_vs_8_M_W_up
QN05-1509_k25_TRINITY_DN1550_c0_g1_i11,5_M_W_vs_8_M_W_up
QN05-803_k31_TRINITY_DN9070_c0_g2_i2,5_M_W_vs_8_M_W_up
RB72454_k25_TRINITY_DN6663_c0_g1_i3,5_M_W_vs_8_M_W_up
ROC22_k25_TRINITY_DN2678_c2_g1_i1,5_M_W_vs_8_M_W_up
SP80-3280_Mattielo_SP803280_c116800_g1_i5,5_M_W_vs_8_M_W_up
GN18_k25_TRINITY_DN859_c2_g2_i1,5_M_W_vs_8_M_W_up
QA96-1749_k25_TRINITY_DN12760_c0_g2_i6,5_M_W_vs_8_M_W_up
Q200_k31_TRINITY_DN5017_c0_g1_i5,5_M_W_vs_8_M_W_up
GN18_k31_TRINITY_DN13427_c0_g2_i1,5_M_W_vs_8_M_W_up
LCP85-384_k25_TRINITY_DN40271_c0_g1_i3,5_M_W_vs_8_M_W_up
KQB08-32953_k25_TRINITY_DN2983_c0_g1_i1,5_M_W_vs_8_M_W_up
Q200_k25_TRINITY_DN4565_c0_g1_i1,5_M_W_vs_8_M_W_up
QA96-1749_k31_TRINITY_DN2365_c0_g1_i10,5_M_W_vs_8_M_W_up
MT11-610_k31_TRINITY_DN2565_c0_g2_i7,5_M_W_vs_8_M_W_up
QS99-2014_k25_TRINITY_DN48542_c0_g2_i2,5_M_W_vs_8_M_W_up
KQB09-20620_k25_TRINITY_DN9755_c0_g1_i8,5_M_W_vs_8_M_W_up
SP80-3280_unmappedk25_TRINITY_DN1660_c0_g1_i5,5_M_W_vs_8_M_W_up
ROC20_k25_TRINITY_DN38395_c1_g1_i6,5_M_W_vs_8_M_W_up
KQB07-23990_k25_TRINITY_DN5082_c0_g1_i12,5_M_W_vs_8_M_W_up
TUC717_k31_TRINITY_DN8005_c0_g1_i2,5_M_W_vs_8_M_W_up
TUC717_k25_TRINITY_DN23601_c0_g1_i1,5_M_W_vs_8_M_W_up
QN05-1509_k25_TRINITY_DN3394_c0_g1_i5,5_M_W_vs_8_M_W_up
LCP85-384_k31_TRINITY_DN41137_c0_g2_i3,5_M_W_vs_8_M_W_up
ROC22_k31_TRINITY_DN29071_c0_g1_i4,5_M_W_vs_8_M_W_up
F1-Bulk-2_k25_TRINITY_DN48313_c0_g2_i5,5_M_W_vs_8_M_W_up
US851008_k25_TRINITY_DN6795_c1_g1_i10,5_M_W_vs_8_M_W_up
QN05-1460_k31_TRINITY_DN3540_c0_g1_i2,5_M_W_vs_8_M_W_up
CP74-2005_k31_TRINITY_DN7003_c0_g1_i4,5_M_W_vs_8_M_W_up
KQ08-2850_k25_TRINITY_DN9947_c0_g2_i3,5_M_W_vs_8_M_W_up
KQB09-23137_k25_TRINITY_DN4525_c0_g1_i4,5_M_W_vs_8_M_W_up
Co06022_k25_TRINITY_DN585_c0_g1_i5,5_M_W_vs_8_M_W_up
KQB09-20620_k25_TRINITY_DN5388_c0_g2_i4,5_M_W_vs_8_M_W_up
KQB09-20620_k25_TRINITY_DN2501_c0_g1_i4,5_M_W_vs_8_M_W_up
CP74-2005_k25_TRINITY_DN38854_c0_g2_i3,5_M_W_vs_8_M_W_up
GT96-167_k31_TRINITY_DN11052_c0_g1_i2,5_M_W_vs_8_M_W_up
KQB09-20620_k31_TRINITY_DN3974_c0_g1_i4,5_M_W_vs_8_M_W_up
KQB07-24739_k25_TRINITY_DN1036_c1_g2_i1,5_M_W_vs_8_M_W_up
CoV92102_k25_TRINITY_DN18818_c0_g2_i1,5_M_W_vs_8_M_W_up
ROC22_k31_TRINITY_DN6765_c0_g1_i2,5_M_W_vs_8_M_W_up
QN05-1460_k25_TRINITY_DN5373_c0_g1_i13,5_M_W_vs_8_M_W_up
QA02-1009_k25_TRINITY_DN20893_c0_g1_i4,5_M_W_vs_8_M_W_up
KQB09-23137_k31_TRINITY_DN1198_c0_g1_i10,5_M_W_vs_8_M_W_up
GXU-34140_k31_TRINITY_DN5762_c0_g1_i6,5_M_W_vs_8_M_W_up
ROC22_k31_TRINITY_DN9035_c0_g1_i4,5_M_W_vs_8_M_W_up
GXU-34176_k25_TRINITY_DN1867_c0_g2_i7,5_M_W_vs_8_M_W_up
RB855156_k31_TRINITY_DN1920_c0_g1_i12,5_M_W_vs_8_M_W_up
Q241_k25_TRINITY_DN2429_c0_g1_i7,5_M_W_vs_8_M_W_up
KQB09-20432_k25_TRINITY_DN1229_c0_g1_i1,5_M_W_vs_8_M_W_up
KQB09-20620_k31_TRINITY_DN2365_c0_g1_i6,5_M_W_vs_8_M_W_up
ROC22_k25_TRINITY_DN16544_c0_g2_i1,5_M_W_vs_8_M_W_up
GXU-34140_k31_TRINITY_DN4957_c0_g1_i6,5_M_W_vs_8_M_W_up
MS6847_k31_TRINITY_DN4474_c0_g1_i9,5_M_W_vs_8_M_W_up
ROC20_k25_TRINITY_DN19610_c0_g2_i2,5_M_W_vs_8_M_W_up
Q200_k25_TRINITY_DN6142_c0_g1_i13,5_M_W_vs_8_M_W_up
ROC20_k25_TRINITY_DN22099_c1_g3_i7,5_M_W_vs_8_M_W_up
CP74-2005_k25_TRINITY_DN15324_c0_g1_i2,5_M_W_vs_8_M_W_up
LCP85-384_k31_TRINITY_DN31127_c0_g3_i1,5_M_W_vs_8_M_W_up
ROC22_k31_TRINITY_DN463_c1_g1_i4,5_M_W_vs_8_M_W_up
LCP85-384_k25_TRINITY_DN22577_c0_g2_i3,5_M_W_vs_8_M_W_up
QN05-1509_k25_TRINITY_DN4069_c0_g1_i3,5_M_W_vs_8_M_W_up
QC02-402_k31_TRINITY_DN5207_c0_g2_i3,5_M_W_vs_8_M_W_up
Q200_k31_TRINITY_DN13690_c1_g1_i1,5_M_W_vs_8_M_W_up
KQB07-24619_k31_TRINITY_DN6821_c0_g1_i1,5_M_W_vs_8_M_W_up
RB72454_k25_TRINITY_DN7918_c0_g1_i1,5_M_W_vs_8_M_W_up
ROC20_k31_TRINITY_DN16530_c0_g1_i1,5_M_W_vs_8_M_W_up
QN05-1460_k25_TRINITY_DN14296_c0_g1_i1,5_M_W_vs_8_M_W_up
GXU-34140_k25_TRINITY_DN79064_c0_g1_i1,5_M_W_vs_8_M_W_up
Q200_k31_TRINITY_DN2779_c0_g1_i8,5_M_W_vs_8_M_W_up
GN18_k25_TRINITY_DN95802_c0_g1_i1,5_M_W_vs_8_M_W_up
CoV92102_k31_TRINITY_DN18325_c0_g1_i14,5_M_W_vs_8_M_W_up
Q200_k25_TRINITY_DN36366_c0_g2_i1,5_M_W_vs_8_M_W_up
T1_k31_TRINITY_DN23219_c0_g1_i4,5_M_W_vs_8_M_W_up
QA96-1749_k25_TRINITY_DN2801_c0_g2_i4,5_M_W_vs_8_M_W_up
GT96-167_k25_TRINITY_DN13942_c0_g2_i3,5_M_W_vs_8_M_W_up
MT11-610_k31_TRINITY_DN15650_c0_g2_i7,5_M_W_vs_8_M_W_up
B2_k31_TRINITY_DN5539_c1_g1_i1,5_M_W_vs_8_M_W_up
KQ08-2850_k25_TRINITY_DN7041_c0_g1_i8,5_M_W_vs_8_M_W_up
QN05-1509_k31_TRINITY_DN2348_c0_g1_i3,5_M_W_vs_8_M_W_up
Co06022_k25_TRINITY_DN15085_c0_g1_i3,5_M_W_vs_8_M_W_up
KQB07-24619_k31_TRINITY_DN9612_c0_g1_i3,5_M_W_vs_8_M_W_up
Q200_k25_TRINITY_DN7228_c1_g1_i1,5_M_W_vs_8_M_W_up
QN05-1509_k25_TRINITY_DN2692_c0_g1_i25,5_M_W_vs_8_M_W_up
KQB09-20620_k25_TRINITY_DN687_c0_g2_i15,5_M_W_vs_8_M_W_up
ROC22_k25_TRINITY_DN2656_c0_g2_i2,5_M_W_vs_8_M_W_up
CP74-2005_k31_TRINITY_DN17864_c0_g1_i9,5_M_W_vs_8_M_W_up
Co06022_k25_TRINITY_DN26119_c0_g1_i3,5_M_W_vs_8_M_W_up
QN05-803_k25_TRINITY_DN59704_c0_g1_i1,5_M_W_vs_8_M_W_up
QN05-1509_k25_TRINITY_DN38455_c0_g1_i2,5_M_W_vs_8_M_W_up
GN18_k31_TRINITY_DN142282_c0_g1_i1,5_M_W_vs_8_M_W_up
Co8021_k31_TRINITY_DN10315_c0_g1_i7,5_M_W_vs_8_M_W_up
KQ08-2850_k25_TRINITY_DN23659_c0_g1_i8,5_M_W_vs_8_M_W_up
CP74-2005_k31_TRINITY_DN5571_c0_g3_i1,5_M_W_vs_8_M_W_up
ROC20_k31_TRINITY_DN36427_c0_g1_i2,5_M_W_vs_8_M_W_up
KQB09-20620_k25_TRINITY_DN2433_c0_g2_i1,5_M_W_vs_8_M_W_up
CP74-2005_k25_TRINITY_DN13424_c0_g1_i10,5_M_W_vs_8_M_W_up
Co06022_k31_TRINITY_DN9835_c0_g1_i8,5_M_W_vs_8_M_W_up
ROC20_k25_TRINITY_DN5773_c0_g2_i5,5_M_W_vs_8_M_W_up
QS99-2014_k31_TRINITY_DN6047_c0_g1_i10,5_M_W_vs_8_M_W_up
GUC10_k31_TRINITY_DN10421_c0_g1_i2,5_M_W_vs_8_M_W_up
T2_k31_TRINITY_DN8395_c0_g1_i1,5_M_W_vs_8_M_W_up
F1-Bulk-2_k31_TRINITY_DN29847_c0_g1_i3,5_M_W_vs_8_M_W_up
CoV92102_k31_TRINITY_DN28166_c1_g1_i1,5_M_W_vs_8_M_W_up
MS6847_k31_TRINITY_DN4221_c0_g1_i1,5_M_W_vs_8_M_W_up
US851008_k31_TRINITY_DN45388_c0_g2_i2,5_M_W_vs_8_M_W_up
US851008_k31_TRINITY_DN10230_c0_g2_i1,5_M_W_vs_8_M_W_up
ROC20_k31_TRINITY_DN37244_c0_g1_i1,5_M_W_vs_8_M_W_up
ROC22_k31_TRINITY_DN1096_c0_g1_i8,5_M_W_vs_8_M_W_up
CP74-2005_k31_TRINITY_DN20457_c0_g1_i1,5_M_W_vs_8_M_W_up
KQB07-23990_k31_TRINITY_DN1202_c0_g1_i4,5_M_W_vs_8_M_W_up
ROC22_k31_TRINITY_DN82080_c0_g1_i3,5_M_W_vs_8_M_W_up
KQ08-2850_k25_TRINITY_DN20233_c0_g1_i2,5_M_W_vs_8_M_W_up
KQB07-23863_k31_TRINITY_DN6638_c0_g1_i7,5_M_W_vs_8_M_W_up
KQB09-20432_k31_TRINITY_DN3166_c0_g3_i1,5_M_W_vs_8_M_W_up
B2_k25_TRINITY_DN40913_c0_g1_i2,5_M_W_vs_8_M_W_up
KQB07-24619_k31_TRINITY_DN7360_c0_g2_i2,5_M_W_vs_8_M_W_up
GUC10_k25_TRINITY_DN6011_c0_g1_i1,5_M_W_vs_8_M_W_up
Co06022_k31_TRINITY_DN2077_c0_g1_i5,5_M_W_vs_8_M_W_up
LCP85-384_k31_TRINITY_DN46303_c0_g1_i1,5_M_W_vs_8_M_W_up
QC02-402_k31_TRINITY_DN20195_c0_g2_i6,5_M_W_vs_8_M_W_up
GT96-167_k25_TRINITY_DN27212_c0_g2_i2,5_M_W_vs_8_M_W_up
ROC20_k31_TRINITY_DN7991_c0_g1_i14,5_M_W_vs_8_M_W_up
KQB07-24619_k25_TRINITY_DN2852_c0_g1_i2,5_M_W_vs_8_M_W_up
Q200_k25_TRINITY_DN338_c0_g3_i2,5_M_W_vs_8_M_W_up
RB855156_k31_TRINITY_DN2451_c0_g1_i20,5_M_W_vs_8_M_W_up
KQB07-23990_k25_TRINITY_DN13160_c2_g1_i1,5_M_W_vs_8_M_W_up
SP803280_IQUSP_evm.model.uti_cns_0354551.1,5_M_W_vs_8_M_W_up
MS6847_k25_TRINITY_DN16198_c0_g1_i19,5_M_W_vs_8_M_W_up
QA96-1749_k25_TRINITY_DN2726_c0_g1_i18,5_M_W_vs_8_M_W_up
QS99-2014_k25_TRINITY_DN4119_c0_g1_i4,5_M_W_vs_8_M_W_up
LCP85-384_k31_TRINITY_DN17135_c0_g1_i7,5_M_W_vs_8_M_W_up
KQB08-32953_k25_TRINITY_DN454_c0_g1_i4,5_M_W_vs_8_M_W_up
SP803280_IQUSP_evm.model.uti_cns_0276883.1,5_M_W_vs_8_M_W_up
QA96-1749_k31_TRINITY_DN15917_c0_g2_i3,5_M_W_vs_8_M_W_up
SP803280_CTBE_evm.model.SCSP803280_000032004.2,5_M_W_vs_8_M_W_up
FN95-1702_k31_TRINITY_DN15645_c0_g1_i1,5_M_W_vs_8_M_W_up
RB855156_k31_TRINITY_DN2359_c1_g1_i1,5_M_W_vs_8_M_W_up
KQ08-2850_k25_TRINITY_DN4563_c0_g1_i11,5_M_W_vs_8_M_W_up
Co06022_k31_TRINITY_DN36935_c0_g1_i7,5_M_W_vs_8_M_W_up
B1_k31_TRINITY_DN22573_c0_g1_i13,5_M_W_vs_8_M_W_up
ROC22_k25_TRINITY_DN30977_c0_g1_i9,5_M_W_vs_8_M_W_up
ROC20_k25_TRINITY_DN8774_c0_g1_i2,5_M_W_vs_8_M_W_up
CP74-2005_k25_TRINITY_DN16493_c0_g1_i1,5_M_W_vs_8_M_W_up
QN05-803_k25_TRINITY_DN14524_c0_g1_i1,5_M_W_vs_8_M_W_up
ROC22_k31_TRINITY_DN5283_c0_g2_i1,5_M_W_vs_8_M_W_up
Co8021_k25_TRINITY_DN6013_c0_g2_i3,5_M_W_vs_8_M_W_up
RB855156_k25_TRINITY_DN7255_c0_g1_i7,5_M_W_vs_8_M_W_up
ROC20_k25_TRINITY_DN941_c8_g2_i1,5_M_W_vs_8_M_W_up
ROC20_k31_TRINITY_DN3984_c0_g1_i8,5_M_W_vs_8_M_W_up
RB72454_k31_TRINITY_DN5049_c0_g1_i1,5_M_W_vs_8_M_W_up
GXU-34176_k25_TRINITY_DN49380_c0_g1_i1,5_M_W_vs_8_M_W_up
QN05-1460_k25_TRINITY_DN2283_c0_g1_i15,5_M_W_vs_8_M_W_up
KQB07-24739_k31_TRINITY_DN5229_c0_g1_i1,5_M_W_vs_8_M_W_up
CP74-2005_k31_TRINITY_DN25786_c0_g1_i2,5_M_W_vs_8_M_W_up
CoV92102_k31_TRINITY_DN21233_c1_g1_i1,5_M_W_vs_8_M_W_up
CP74-2005_k31_TRINITY_DN2325_c0_g2_i3,5_M_W_vs_8_M_W_up
T2_k31_TRINITY_DN129151_c0_g1_i1,5_M_W_vs_8_M_W_up
SP80-3280_Mattielo_SP803280_c115637_g3_i2,5_M_W_vs_8_M_W_up
QA02-1009_k25_TRINITY_DN82088_c0_g1_i1,5_M_W_vs_8_M_W_up
Co06022_k25_TRINITY_DN45661_c0_g1_i10,5_M_W_vs_8_M_W_up
ROC22_k31_TRINITY_DN10034_c0_g2_i1,5_M_W_vs_8_M_W_up
Co06022_k31_TRINITY_DN10769_c0_g1_i6,5_M_W_vs_8_M_W_up
KQB07-23863_k25_TRINITY_DN7037_c0_g1_i1,5_M_W_vs_8_M_W_up
RB72454_k31_TRINITY_DN2431_c0_g1_i9,5_M_W_vs_8_M_W_up
Q200_k31_TRINITY_DN9435_c0_g2_i1,5_M_W_vs_8_M_W_up
RB72454_k31_TRINITY_DN5049_c0_g1_i5,5_M_W_vs_8_M_W_up
KQB07-24619_k25_TRINITY_DN9302_c0_g1_i9,5_M_W_vs_8_M_W_up
QC02-402_k25_TRINITY_DN10548_c1_g1_i2,5_M_W_vs_8_M_W_up
GT96-167_k31_TRINITY_DN3807_c0_g1_i1,5_M_W_vs_8_M_W_up
T2_k31_TRINITY_DN7777_c0_g1_i4,5_M_W_vs_8_M_W_up
US851008_k31_TRINITY_DN48908_c0_g1_i9,5_M_W_vs_8_M_W_up
GXU-34176_k25_TRINITY_DN15005_c0_g1_i1,5_M_W_vs_8_M_W_up
ROC26_k25_TRINITY_DN13724_c0_g1_i10,5_M_W_vs_8_M_W_up
QBYN04-26041_k25_TRINITY_DN31746_c1_g1_i3,5_M_W_vs_8_M_W_up
QA96-1749_k31_TRINITY_DN1796_c0_g1_i17,5_M_W_vs_8_M_W_up
ROC20_k31_TRINITY_DN949_c0_g2_i3,5_M_W_vs_8_M_W_up
QN05-803_k31_TRINITY_DN26274_c0_g1_i2,5_M_W_vs_8_M_W_up
SP80-3280_Mattielo_SP803280_c116247_g1_i7,5_M_W_vs_8_M_W_up
KQ08-2850_k25_TRINITY_DN5102_c0_g1_i1,5_M_W_vs_8_M_W_up
ROC22_k31_TRINITY_DN34143_c0_g1_i1,5_M_W_vs_8_M_W_up
QA02-1009_k31_TRINITY_DN1176_c0_g1_i7,5_M_W_vs_8_M_W_up
ROC20_k31_TRINITY_DN72037_c0_g1_i1,5_M_W_vs_8_M_W_up
GXU-34140_k25_TRINITY_DN2432_c0_g1_i8,5_M_W_vs_8_M_W_up
SP80-3280_Mattielo_SP803280_c84579_g2_i1,5_M_W_vs_8_M_W_up
KQB07-24619_k31_TRINITY_DN3304_c1_g1_i8,5_M_W_vs_8_M_W_up
Co06022_k31_TRINITY_DN12025_c2_g1_i1,5_M_W_vs_8_M_W_up
QA02-1009_k31_TRINITY_DN3790_c0_g1_i2,5_M_W_vs_8_M_W_up
US851008_k25_TRINITY_DN6302_c1_g1_i14,5_M_W_vs_8_M_W_up
QC02-402_k31_TRINITY_DN6852_c0_g1_i8,5_M_W_vs_8_M_W_up
GXU-34176_k31_TRINITY_DN33613_c0_g2_i4,5_M_W_vs_8_M_W_up
ROC22_k31_TRINITY_DN9722_c0_g1_i4,5_M_W_vs_8_M_W_up
GUC10_k25_TRINITY_DN8728_c0_g3_i1,5_M_W_vs_8_M_W_up
QA02-1009_k25_TRINITY_DN2850_c0_g1_i3,5_M_W_vs_8_M_W_up
LCP85-384_k31_TRINITY_DN150310_c0_g1_i1,5_M_W_vs_8_M_W_up
QN05-1460_k25_TRINITY_DN4578_c0_g1_i1,5_M_W_vs_8_M_W_up
Co06022_k31_TRINITY_DN6932_c0_g1_i13,5_M_W_vs_8_M_W_up
LCP85-384_k25_TRINITY_DN42897_c0_g2_i8,5_M_W_vs_8_M_W_up
B1_k25_TRINITY_DN716_c0_g1_i6,5_M_W_vs_8_M_W_up
KQ08-2850_k31_TRINITY_DN16573_c1_g2_i1,5_M_W_vs_8_M_W_up
GXU-34176_k25_TRINITY_DN29504_c0_g2_i2,5_M_W_vs_8_M_W_up
ROC22_k25_TRINITY_DN1389_c0_g1_i5,5_M_W_vs_8_M_W_up
ROC22_k31_TRINITY_DN9469_c0_g1_i7,5_M_W_vs_8_M_W_up
US851008_k25_TRINITY_DN1240_c0_g1_i4,5_M_W_vs_8_M_W_up
MT11-610_k31_TRINITY_DN47882_c0_g1_i11,5_M_W_vs_8_M_W_up
QA96-1749_k31_TRINITY_DN1442_c0_g1_i7,5_M_W_vs_8_M_W_up
CC011940_cc_00004962-RA,5_M_W_vs_8_M_W_up
F1-Bulk-1_k25_TRINITY_DN13879_c0_g2_i1,5_M_W_vs_8_M_W_up
GN18_k31_TRINITY_DN5185_c0_g1_i2,5_M_W_vs_8_M_W_up
GN18_k31_TRINITY_DN4537_c0_g1_i16,5_M_W_vs_8_M_W_up
GXU-34176_k31_TRINITY_DN9209_c0_g1_i2,5_M_W_vs_8_M_W_up
RB72454_k31_TRINITY_DN3429_c0_g1_i5,5_M_W_vs_8_M_W_up
CP74-2005_k25_TRINITY_DN9918_c2_g2_i13,5_M_W_vs_8_M_W_up
QA02-1009_k31_TRINITY_DN846_c0_g2_i1,5_M_W_vs_8_M_W_up
KQ08-2850_k31_TRINITY_DN9330_c1_g1_i4,5_M_W_vs_8_M_W_up
RB855156_k31_TRINITY_DN1233_c0_g1_i3,5_M_W_vs_8_M_W_up
ROC22_k31_TRINITY_DN940_c0_g1_i6,5_M_W_vs_8_M_W_up
RB855156_k25_TRINITY_DN29303_c0_g1_i2,5_M_W_vs_8_M_W_up
QC02-402_k25_TRINITY_DN34095_c0_g1_i4,5_M_W_vs_8_M_W_up
QA96-1749_k25_TRINITY_DN7796_c0_g1_i7,5_M_W_vs_8_M_W_up
ROC26_k31_TRINITY_DN115874_c0_g1_i1,5_M_W_vs_8_M_W_up
CoV92102_k25_TRINITY_DN76265_c0_g1_i4,5_M_W_vs_8_M_W_up
GT96-167_k25_TRINITY_DN13549_c1_g1_i1,5_M_W_vs_8_M_W_up
ROC22_k25_TRINITY_DN8062_c0_g1_i1,5_M_W_vs_8_M_W_up
MT11-610_k25_TRINITY_DN17289_c0_g1_i3,5_M_W_vs_8_M_W_up
ROC22_k25_TRINITY_DN3140_c0_g2_i1,5_M_W_vs_8_M_W_up
T1_k25_TRINITY_DN1618_c0_g2_i4,5_M_W_vs_8_M_W_up
US851008_k31_TRINITY_DN2281_c0_g1_i3,5_M_W_vs_8_M_W_up
KQB09-23137_k31_TRINITY_DN4482_c0_g1_i4,5_M_W_vs_8_M_W_up
F1-Bulk-1_k25_TRINITY_DN15676_c0_g1_i5,5_M_W_vs_8_M_W_up
LCP85-384_k25_TRINITY_DN157071_c0_g2_i3,5_M_W_vs_8_M_W_up
LCP85-384_k25_TRINITY_DN1194_c0_g1_i5,5_M_W_vs_8_M_W_up
ROC22_k31_TRINITY_DN33884_c0_g2_i2,5_M_W_vs_8_M_W_up
QS99-2014_k25_TRINITY_DN3326_c0_g1_i3,5_M_W_vs_8_M_W_up
ROC20_k31_TRINITY_DN1475_c0_g1_i2,5_M_W_vs_8_M_W_up
QA96-1749_k25_TRINITY_DN5489_c0_g1_i1,5_M_W_vs_8_M_W_up
QN05-803_k31_TRINITY_DN2837_c0_g1_i2,5_M_W_vs_8_M_W_up
RB72454_k31_TRINITY_DN16588_c0_g1_i1,5_M_W_vs_8_M_W_up
GN18_k31_TRINITY_DN87166_c0_g2_i2,5_M_W_vs_8_M_W_up
QA02-1009_k25_TRINITY_DN6725_c0_g1_i1,5_M_W_vs_8_M_W_up
B1_k25_TRINITY_DN29994_c0_g1_i3,5_M_W_vs_8_M_W_up
RB72454_k25_TRINITY_DN4836_c0_g1_i8,5_M_W_vs_8_M_W_up
KQB07-24739_k25_TRINITY_DN2668_c0_g1_i10,5_M_W_vs_8_M_W_up
CC011940_Sobic.001G180300.1.mrna1,5_M_W_vs_8_M_W_up
Co06022_k25_TRINITY_DN13_c1_g1_i2,5_M_W_vs_8_M_W_up
QBYN04-26041_k31_TRINITY_DN2377_c0_g1_i10,5_M_W_vs_8_M_W_up
KQ08-2850_k31_TRINITY_DN792_c0_g1_i4,5_M_W_vs_8_M_W_up
Q200_k25_TRINITY_DN11918_c0_g2_i20,5_M_W_vs_8_M_W_up
TUC717_k25_TRINITY_DN23366_c0_g1_i1,5_M_W_vs_8_M_W_up
SP80-3280_Mattielo_SP803280_c105600_g1_i1,5_M_W_vs_8_M_W_up
Q241_k25_TRINITY_DN1809_c0_g2_i1,5_M_W_vs_8_M_W_up
ROC22_k31_TRINITY_DN14_c0_g2_i2,5_M_W_vs_8_M_W_up
QN05-1743_k25_TRINITY_DN4323_c0_g1_i10,5_M_W_vs_8_M_W_up
ROC26_k25_TRINITY_DN108274_c0_g1_i1,5_M_W_vs_8_M_W_up
RB855156_k25_TRINITY_DN5753_c0_g1_i5,5_M_W_vs_8_M_W_up
B2_k25_TRINITY_DN16574_c0_g1_i3,5_M_W_vs_8_M_W_up
GUC2_k25_TRINITY_DN1960_c1_g1_i1,5_M_W_vs_8_M_W_up
KQ08-2850_k31_TRINITY_DN5094_c0_g1_i3,5_M_W_vs_8_M_W_up
GXU-34140_k25_TRINITY_DN10348_c0_g2_i2,5_M_W_vs_8_M_W_up
GXU-34176_k25_TRINITY_DN115151_c0_g1_i1,5_M_W_vs_8_M_W_up
GXU-34140_k25_TRINITY_DN8797_c0_g1_i4,5_M_W_vs_8_M_W_up
ROC22_k31_TRINITY_DN24995_c0_g1_i1,5_M_W_vs_8_M_W_up
GXU-34176_k25_TRINITY_DN92083_c0_g1_i1,5_M_W_vs_8_M_W_up
SP80-3280_Mattielo_SP803280_c97266_g1_i3,5_M_W_vs_8_M_W_up
LCP85-384_k25_TRINITY_DN140648_c0_g1_i2,5_M_W_vs_8_M_W_up
KQB07-24739_k25_TRINITY_DN4692_c0_g1_i6,5_M_W_vs_8_M_W_up
T2_k31_TRINITY_DN5482_c0_g1_i5,5_M_W_vs_8_M_W_up
RB855156_k31_TRINITY_DN6948_c0_g1_i12,5_M_W_vs_8_M_W_up
QA96-1749_k31_TRINITY_DN5923_c0_g1_i6,5_M_W_vs_8_M_W_up
KQB08-32953_k31_TRINITY_DN15093_c0_g3_i2,5_M_W_vs_8_M_W_up
KQB08-32953_k31_TRINITY_DN4949_c1_g1_i1,5_M_W_vs_8_M_W_up
GN18_k25_TRINITY_DN8510_c0_g2_i10,5_M_W_vs_8_M_W_up
KQB07-23863_k25_TRINITY_DN127_c0_g1_i8,5_M_W_vs_8_M_W_up
QN05-803_k25_TRINITY_DN3829_c0_g1_i2,5_M_W_vs_8_M_W_up
Q200_k31_TRINITY_DN1613_c1_g1_i5,5_M_W_vs_8_M_W_up
GXU-34176_k31_TRINITY_DN3273_c0_g1_i16,5_M_W_vs_8_M_W_up
KQB07-23863_k25_TRINITY_DN1496_c0_g1_i2,5_M_W_vs_8_M_W_up
GXU-34176_k31_TRINITY_DN16680_c0_g4_i1,5_M_W_vs_8_M_W_up
QA96-1749_k25_TRINITY_DN8019_c0_g1_i10,5_M_W_vs_8_M_W_up
FN95-1702_k25_TRINITY_DN113804_c0_g1_i1,5_M_W_vs_8_M_W_up
ROC20_k31_TRINITY_DN31151_c1_g2_i5,5_M_W_vs_8_M_W_up
F1-Bulk-1_k31_TRINITY_DN5082_c0_g1_i4,5_M_W_vs_8_M_W_up
KQB08-32953_k25_TRINITY_DN69829_c0_g1_i1,5_M_W_vs_8_M_W_up
KQB09-20620_k31_TRINITY_DN17248_c0_g1_i1,5_M_W_vs_8_M_W_up
B1_k31_TRINITY_DN7335_c1_g1_i3,5_M_W_vs_8_M_W_up
GXU-34176_k31_TRINITY_DN30302_c0_g1_i2,5_M_W_vs_8_M_W_up
QN05-1509_k31_TRINITY_DN4215_c0_g1_i2,5_M_W_vs_8_M_W_up
CP74-2005_k31_TRINITY_DN3551_c0_g1_i14,5_M_W_vs_8_M_W_up
RB855156_k25_TRINITY_DN13858_c1_g1_i5,5_M_W_vs_8_M_W_up
ROC22_k31_TRINITY_DN122485_c0_g1_i3,5_M_W_vs_8_M_W_up
QS99-2014_k25_TRINITY_DN171_c0_g1_i2,5_M_W_vs_8_M_W_up
CP74-2005_k25_TRINITY_DN30666_c0_g2_i6,5_M_W_vs_8_M_W_up
GT96-167_k25_TRINITY_DN3389_c0_g1_i1,5_M_W_vs_8_M_W_up
KQB07-24739_k25_TRINITY_DN35730_c0_g1_i1,5_M_W_vs_8_M_W_up
QN05-1460_k31_TRINITY_DN6045_c1_g1_i6,5_M_W_vs_8_M_W_up
F1-Bulk-1_k31_TRINITY_DN28472_c1_g1_i6,5_M_W_vs_8_M_W_up
MT11-610_k31_TRINITY_DN24688_c0_g2_i3,5_M_W_vs_8_M_W_up
QN05-1509_k25_TRINITY_DN797_c0_g1_i7,5_M_W_vs_8_M_W_up
QBYN04-26041_k31_TRINITY_DN11180_c0_g2_i6,5_M_W_vs_8_M_W_up
ROC22_k31_TRINITY_DN42320_c0_g2_i5,5_M_W_vs_8_M_W_up
CoV92102_k31_TRINITY_DN46671_c0_g1_i1,5_M_W_vs_8_M_W_up
KQB07-23863_k25_TRINITY_DN5322_c0_g1_i1,5_M_W_vs_8_M_W_up
QA02-1009_k31_TRINITY_DN3730_c0_g1_i11,5_M_W_vs_8_M_W_up
QN05-1509_k25_TRINITY_DN823_c0_g1_i5,5_M_W_vs_8_M_W_up
QS99-2014_k31_TRINITY_DN2335_c0_g1_i4,5_M_W_vs_8_M_W_up
TUC717_k25_TRINITY_DN34414_c0_g1_i2,5_M_W_vs_8_M_W_up
Co8021_k25_TRINITY_DN10541_c0_g1_i1,5_M_W_vs_8_M_W_up
KQB07-23863_k25_TRINITY_DN1838_c0_g1_i7,5_M_W_vs_8_M_W_up
QN05-803_k25_TRINITY_DN22093_c0_g1_i14,5_M_W_vs_8_M_W_up
ROC22_k25_TRINITY_DN30022_c0_g2_i5,5_M_W_vs_8_M_W_up
MT11-610_k31_TRINITY_DN15323_c0_g2_i1,5_M_W_vs_8_M_W_up
MT11-610_k25_TRINITY_DN86448_c0_g1_i1,5_M_W_vs_8_M_W_up
KQB09-23137_k31_TRINITY_DN1185_c0_g1_i6,5_M_W_vs_8_M_W_up
MS6847_k31_TRINITY_DN33605_c0_g1_i3,5_M_W_vs_8_M_W_up
TUC717_k25_TRINITY_DN3309_c0_g1_i3,5_M_W_vs_8_M_W_up
MT11-610_k31_TRINITY_DN33496_c0_g1_i11,5_M_W_vs_8_M_W_up
KQB07-23863_k31_TRINITY_DN1928_c0_g1_i1,5_M_W_vs_8_M_W_up
KQB07-23990_k31_TRINITY_DN13423_c0_g2_i1,5_M_W_vs_8_M_W_up
CoV92102_k25_TRINITY_DN8678_c0_g1_i2,5_M_W_vs_8_M_W_up
QN05-1460_k25_TRINITY_DN2975_c0_g3_i1,5_M_W_vs_8_M_W_up
QN05-1743_k25_TRINITY_DN9141_c1_g1_i2,5_M_W_vs_8_M_W_up
MS6847_k31_TRINITY_DN28712_c1_g1_i4,5_M_W_vs_8_M_W_up
B1_k31_TRINITY_DN99577_c0_g1_i1,5_M_W_vs_8_M_W_up
QS99-2014_k25_TRINITY_DN15498_c0_g1_i7,5_M_W_vs_8_M_W_up
GN18_k31_TRINITY_DN23323_c0_g1_i13,5_M_W_vs_8_M_W_up
ROC20_k31_TRINITY_DN8117_c0_g1_i2,5_M_W_vs_8_M_W_up
T1_k25_TRINITY_DN10841_c0_g1_i4,5_M_W_vs_8_M_W_up
RB855156_k25_TRINITY_DN26941_c0_g1_i1,5_M_W_vs_8_M_W_up
MS6847_k25_TRINITY_DN23442_c0_g1_i5,5_M_W_vs_8_M_W_up
QN05-1509_k25_TRINITY_DN10062_c0_g1_i6,5_M_W_vs_8_M_W_up
RB855156_k25_TRINITY_DN25789_c0_g1_i2,5_M_W_vs_8_M_W_up
TUC717_k25_TRINITY_DN8526_c0_g1_i1,5_M_W_vs_8_M_W_up
QN05-1509_k25_TRINITY_DN13870_c0_g1_i2,5_M_W_vs_8_M_W_up
ROC20_k31_TRINITY_DN103784_c2_g1_i6,5_M_W_vs_8_M_W_up
KQB07-23863_k25_TRINITY_DN2672_c0_g1_i3,5_M_W_vs_8_M_W_up
ROC20_k25_TRINITY_DN13871_c0_g2_i3,5_M_W_vs_8_M_W_up
ROC22_k31_TRINITY_DN20770_c0_g3_i1,5_M_W_vs_8_M_W_up
LCP85-384_k31_TRINITY_DN19473_c0_g1_i4,5_M_W_vs_8_M_W_up
MT11-610_k25_TRINITY_DN11592_c0_g1_i6,5_M_W_vs_8_M_W_up
TUC717_k25_TRINITY_DN3774_c0_g1_i10,5_M_W_vs_8_M_W_up
CoV92102_k31_TRINITY_DN18045_c0_g1_i15,5_M_W_vs_8_M_W_up
ROC22_k25_TRINITY_DN33250_c0_g1_i3,5_M_W_vs_8_M_W_up
ROC26_k31_TRINITY_DN133190_c0_g1_i1,5_M_W_vs_8_M_W_up
QA96-1749_k25_TRINITY_DN674_c0_g1_i12,5_M_W_vs_8_M_W_up
B2_k31_TRINITY_DN9334_c0_g1_i3,5_M_W_vs_8_M_W_up
F1-Bulk-2_k31_TRINITY_DN7877_c0_g1_i6,5_M_W_vs_8_M_W_up
SP80-3280_Mattielo_SP803280_c110706_g1_i14,5_M_W_vs_8_M_W_up
GUC10_k25_TRINITY_DN6178_c0_g2_i2,5_M_W_vs_8_M_W_up
KQB09-20432_k25_TRINITY_DN6036_c0_g2_i1,5_M_W_vs_8_M_W_up
Co06022_k31_TRINITY_DN7715_c0_g1_i5,5_M_W_vs_8_M_W_up
F1-Bulk-2_k31_TRINITY_DN7154_c0_g1_i4,5_M_W_vs_8_M_W_up
F1-Bulk-2_k31_TRINITY_DN9989_c0_g1_i4,5_M_W_vs_8_M_W_up
Co06022_k31_TRINITY_DN22344_c0_g1_i1,5_M_W_vs_8_M_W_up
QA02-1009_k25_TRINITY_DN28252_c0_g1_i3,5_M_W_vs_8_M_W_up
LCP85-384_k25_TRINITY_DN69_c1_g1_i13,5_M_W_vs_8_M_W_up
MT11-610_k25_TRINITY_DN5219_c0_g1_i11,5_M_W_vs_8_M_W_up
ROC22_k31_TRINITY_DN15702_c0_g1_i11,5_M_W_vs_8_M_W_up
MS6847_k31_TRINITY_DN48797_c0_g2_i1,5_M_W_vs_8_M_W_up
MS6847_k31_TRINITY_DN10243_c0_g1_i4,5_M_W_vs_8_M_W_up
LCP85-384_k31_TRINITY_DN4186_c0_g2_i6,5_M_W_vs_8_M_W_up
QS99-2014_k31_TRINITY_DN26208_c1_g2_i2,5_M_W_vs_8_M_W_up
RB855156_k25_TRINITY_DN52870_c0_g1_i1,5_M_W_vs_8_M_W_up
GXU-34140_k25_TRINITY_DN17191_c0_g1_i1,5_M_W_vs_8_M_W_up
KQB07-24619_k31_TRINITY_DN233_c0_g1_i17,5_M_W_vs_8_M_W_up
KQB09-23137_k25_TRINITY_DN23985_c0_g1_i2,5_M_W_vs_8_M_W_up
QN05-1743_k25_TRINITY_DN1254_c0_g1_i3,5_M_W_vs_8_M_W_up
KQB07-24619_k31_TRINITY_DN4725_c0_g1_i3,5_M_W_vs_8_M_W_up
B2_k31_TRINITY_DN88475_c0_g1_i1,5_M_W_vs_8_M_W_up
QA02-1009_k31_TRINITY_DN2177_c0_g1_i9,5_M_W_vs_8_M_W_up
GN18_k25_TRINITY_DN1615_c0_g2_i3,5_M_W_vs_8_M_W_up
QS99-2014_k31_TRINITY_DN2030_c0_g1_i11,5_M_W_vs_8_M_W_up
KQB07-24619_k25_TRINITY_DN27222_c0_g3_i1,5_M_W_vs_8_M_W_up
LCP85-384_k31_TRINITY_DN53344_c0_g2_i4,5_M_W_vs_8_M_W_up
QA96-1749_k31_TRINITY_DN3121_c0_g1_i4,5_M_W_vs_8_M_W_up
Q241_k31_TRINITY_DN924_c0_g1_i7,5_M_W_vs_8_M_W_up
KQ08-2850_k31_TRINITY_DN10802_c0_g1_i1,5_M_W_vs_8_M_W_up
QC02-402_k25_TRINITY_DN2932_c0_g1_i21,5_M_W_vs_8_M_W_up
T1_k25_TRINITY_DN433_c0_g1_i6,5_M_W_vs_8_M_W_up
QS99-2014_k31_TRINITY_DN2254_c0_g1_i7,5_M_W_vs_8_M_W_up
QN05-1743_k31_TRINITY_DN8128_c0_g1_i1,5_M_W_vs_8_M_W_up
LCP85-384_k25_TRINITY_DN2069_c1_g1_i1,5_M_W_vs_8_M_W_up
QN05-1743_k31_TRINITY_DN21502_c0_g1_i4,5_M_W_vs_8_M_W_up
GXU-34176_k25_TRINITY_DN25202_c1_g1_i1,5_M_W_vs_8_M_W_up
KQ08-2850_k31_TRINITY_DN439_c0_g1_i4,5_M_W_vs_8_M_W_up
F1-Bulk-1_k31_TRINITY_DN14237_c0_g1_i1,5_M_W_vs_8_M_W_up
KQ08-2850_k25_TRINITY_DN1596_c0_g1_i10,5_M_W_vs_8_M_W_up
QN05-1743_k31_TRINITY_DN2109_c0_g1_i3,5_M_W_vs_8_M_W_up
MT11-610_k31_TRINITY_DN28903_c0_g1_i27,5_M_W_vs_8_M_W_up
Co8021_k25_TRINITY_DN15939_c0_g3_i4,5_M_W_vs_8_M_W_up
QN05-1460_k25_TRINITY_DN24565_c0_g1_i2,5_M_W_vs_8_M_W_up
KQ08-2850_k25_TRINITY_DN10246_c0_g1_i3,5_M_W_vs_8_M_W_up
ROC26_k25_TRINITY_DN15161_c0_g1_i6,5_M_W_vs_8_M_W_up
T2_k31_TRINITY_DN8603_c0_g1_i1,5_M_W_vs_8_M_W_up
CP74-2005_k25_TRINITY_DN110361_c0_g1_i1,5_M_W_vs_8_M_W_up
QA02-1009_k31_TRINITY_DN80097_c0_g1_i4,5_M_W_vs_8_M_W_up
MT11-610_k31_TRINITY_DN44033_c0_g2_i2,5_M_W_vs_8_M_W_up
ROC22_k25_TRINITY_DN157945_c0_g1_i3,5_M_W_vs_8_M_W_up
B2_k25_TRINITY_DN3811_c0_g2_i1,5_M_W_vs_8_M_W_up
ROC20_k25_TRINITY_DN36509_c0_g1_i2,5_M_W_vs_8_M_W_up
GN18_k25_TRINITY_DN16201_c1_g1_i1,5_M_W_vs_8_M_W_up
Co8021_k31_TRINITY_DN71548_c0_g1_i1,5_M_W_vs_8_M_W_up
US851008_k31_TRINITY_DN2570_c0_g2_i4,5_M_W_vs_8_M_W_up
RB855156_k25_TRINITY_DN25078_c0_g1_i2,5_M_W_vs_8_M_W_up
GN18_k31_TRINITY_DN13422_c0_g2_i10,5_M_W_vs_8_M_W_up
ROC22_k31_TRINITY_DN7672_c1_g1_i3,5_M_W_vs_8_M_W_up
GXU-34140_k25_TRINITY_DN35073_c0_g1_i5,5_M_W_vs_8_M_W_up
GUC2_k31_TRINITY_DN28351_c0_g1_i2,5_M_W_vs_8_M_W_up
TUC717_k31_TRINITY_DN7077_c0_g1_i3,5_M_W_vs_8_M_W_up
CoV92102_k25_TRINITY_DN50591_c1_g1_i1,5_M_W_vs_8_M_W_up
SP80-3280_Mattielo_SP803280_c97243_g2_i11,5_M_W_vs_8_M_W_up
SP803280_CTBE_evm.model.SCSP803280_000054315.1,5_M_W_vs_8_M_W_up
KQB07-24619_k25_TRINITY_DN2893_c0_g1_i4,5_M_W_vs_8_M_W_up
ROC26_k25_TRINITY_DN48744_c0_g1_i1,5_M_W_vs_8_M_W_up
GT96-167_k31_TRINITY_DN41832_c0_g1_i1,5_M_W_vs_8_M_W_up
US851008_k31_TRINITY_DN8312_c1_g2_i2,5_M_W_vs_8_M_W_up
Q241_k25_TRINITY_DN6187_c0_g1_i16,5_M_W_vs_8_M_W_up
MS6847_k31_TRINITY_DN1279_c0_g1_i3,5_M_W_vs_8_M_W_up
RB72454_k31_TRINITY_DN11483_c0_g2_i22,5_M_W_vs_8_M_W_up
LCP85-384_k25_TRINITY_DN130993_c0_g1_i1,5_M_W_vs_8_M_W_up
ROC20_k31_TRINITY_DN8684_c1_g1_i5,5_M_W_vs_8_M_W_up
ROC22_k25_TRINITY_DN163946_c1_g1_i1,5_M_W_vs_8_M_W_up
QA96-1749_k31_TRINITY_DN10175_c0_g2_i5,5_M_W_vs_8_M_W_up
ROC20_k31_TRINITY_DN29349_c0_g1_i2,5_M_W_vs_8_M_W_up
ROC20_k31_TRINITY_DN46337_c0_g1_i2,5_M_W_vs_8_M_W_up
QS99-2014_k31_TRINITY_DN2395_c0_g1_i6,5_M_W_vs_8_M_W_up
RB855156_k25_TRINITY_DN30349_c0_g1_i1,5_M_W_vs_8_M_W_up
GN18_k25_TRINITY_DN184889_c0_g1_i1,5_M_W_vs_8_M_W_up
GT96-167_k25_TRINITY_DN14904_c0_g1_i2,5_M_W_vs_8_M_W_up
KQB07-24739_k25_TRINITY_DN6130_c0_g3_i1,5_M_W_vs_8_M_W_up
T2_k31_TRINITY_DN6220_c0_g1_i4,5_M_W_vs_8_M_W_up
ROC20_k25_TRINITY_DN16126_c0_g2_i3,5_M_W_vs_8_M_W_up
QN05-1460_k31_TRINITY_DN5919_c0_g1_i12,5_M_W_vs_8_M_W_up
F1-Bulk-1_k25_TRINITY_DN21113_c0_g2_i3,5_M_W_vs_8_M_W_up
GUC2_k25_TRINITY_DN3478_c0_g1_i6,5_M_W_vs_8_M_W_up
SP803280_IQUSP_evm.model.unitig_175985.1,5_M_W_vs_8_M_W_up
GN18_k25_TRINITY_DN54822_c0_g1_i5,5_M_W_vs_8_M_W_up
KQB07-23863_k25_TRINITY_DN7838_c0_g1_i3,5_M_W_vs_8_M_W_up
QN05-803_k25_TRINITY_DN35687_c0_g1_i3,5_M_W_vs_8_M_W_up
CP74-2005_k31_TRINITY_DN9817_c0_g1_i2,5_M_W_vs_8_M_W_up
ROC20_k31_TRINITY_DN32889_c0_g1_i5,5_M_W_vs_8_M_W_up
CP74-2005_k25_TRINITY_DN9947_c0_g2_i2,5_M_W_vs_8_M_W_up
Co8021_k25_TRINITY_DN3978_c0_g1_i5,5_M_W_vs_8_M_W_up
F1-Bulk-1_k31_TRINITY_DN3403_c0_g3_i4,5_M_W_vs_8_M_W_up
ROC22_k31_TRINITY_DN40766_c0_g2_i3,5_M_W_vs_8_M_W_up
Co8021_k25_TRINITY_DN14125_c1_g1_i11,5_M_W_vs_8_M_W_up
SP803280_CTBE_evm.model.SCSP803280_000175374.1,5_M_W_vs_8_M_W_up
LCP85-384_k31_TRINITY_DN29017_c0_g2_i1,5_M_W_vs_8_M_W_up
QS99-2014_k31_TRINITY_DN19820_c0_g1_i15,5_M_W_vs_8_M_W_up
TUC717_k25_TRINITY_DN28678_c3_g1_i1,5_M_W_vs_8_M_W_up
KQB07-23863_k31_TRINITY_DN1633_c0_g1_i14,5_M_W_vs_8_M_W_up
MS6847_k25_TRINITY_DN24112_c0_g2_i5,5_M_W_vs_8_M_W_up
QN05-1509_k31_TRINITY_DN355_c0_g1_i2,5_M_W_vs_8_M_W_up
B1_k25_TRINITY_DN7089_c1_g2_i11,5_M_W_vs_8_M_W_up
ROC22_k25_TRINITY_DN47375_c0_g1_i13,5_M_W_vs_8_M_W_up
TUC717_k31_TRINITY_DN5976_c0_g1_i13,5_M_W_vs_8_M_W_up
Q200_k25_TRINITY_DN4456_c0_g1_i13,5_M_W_vs_8_M_W_up
KQB07-23990_k25_TRINITY_DN1778_c0_g1_i13,5_M_W_vs_8_M_W_up
ROC20_k25_TRINITY_DN9819_c0_g1_i6,5_M_W_vs_8_M_W_up
KQB07-24619_k25_TRINITY_DN6813_c0_g1_i1,5_M_W_vs_8_M_W_up
SP80-3280_Mattielo_SP803280_c128702_g1_i1,5_M_W_vs_8_M_W_up
KQB08-32953_k31_TRINITY_DN1805_c0_g1_i1,5_M_W_vs_8_M_W_up
F1-Bulk-1_k31_TRINITY_DN19529_c0_g1_i2,5_M_W_vs_8_M_W_up
GN18_k25_TRINITY_DN43142_c0_g1_i1,5_M_W_vs_8_M_W_up
GN18_k31_TRINITY_DN16961_c0_g2_i2,5_M_W_vs_8_M_W_up
ROC22_k31_TRINITY_DN55148_c0_g1_i5,5_M_W_vs_8_M_W_up
KQB07-24619_k25_TRINITY_DN4683_c0_g1_i10,5_M_W_vs_8_M_W_up
KQB09-20620_k31_TRINITY_DN270_c0_g1_i8,5_M_W_vs_8_M_W_up
QN05-1743_k25_TRINITY_DN1639_c0_g1_i10,5_M_W_vs_8_M_W_up
F1-Bulk-2_k31_TRINITY_DN8_c0_g1_i1,5_M_W_vs_8_M_W_up
KQB08-32953_k25_TRINITY_DN11300_c0_g1_i4,5_M_W_vs_8_M_W_up
FN95-1702_k31_TRINITY_DN15074_c0_g2_i2,5_M_W_vs_8_M_W_up
Co06022_k25_TRINITY_DN63045_c1_g1_i5,5_M_W_vs_8_M_W_up
QN05-1460_k31_TRINITY_DN641_c0_g1_i6,5_M_W_vs_8_M_W_up
CP74-2005_k25_TRINITY_DN23285_c2_g6_i1,5_M_W_vs_8_M_W_up
KQB08-32953_k31_TRINITY_DN4220_c0_g2_i3,5_M_W_vs_8_M_W_up
GT96-167_k25_TRINITY_DN8925_c0_g3_i1,5_M_W_vs_8_M_W_up
GXU-34140_k25_TRINITY_DN19551_c0_g1_i1,5_M_W_vs_8_M_W_up
GXU-34176_k31_TRINITY_DN13762_c0_g1_i1,5_M_W_vs_8_M_W_up
GXU-34176_k25_TRINITY_DN43554_c0_g2_i1,5_M_W_vs_8_M_W_up
ROC26_k25_TRINITY_DN13522_c0_g2_i9,5_M_W_vs_8_M_W_up
GUC10_k25_TRINITY_DN3987_c1_g1_i1,5_M_W_vs_8_M_W_up
QA02-1009_k25_TRINITY_DN6030_c0_g1_i11,5_M_W_vs_8_M_W_up
SP80-3280_Mattielo_SP803280_c71172_g1_i1,5_M_W_vs_8_M_W_up
T1_k31_TRINITY_DN6511_c0_g2_i6,5_M_W_vs_8_M_W_up
Q241_k31_TRINITY_DN6070_c0_g1_i1,5_M_W_vs_8_M_W_up
ROC22_k25_TRINITY_DN18024_c0_g2_i2,5_M_W_vs_8_M_W_up
KQB09-20620_k25_TRINITY_DN1603_c0_g1_i7,5_M_W_vs_8_M_W_up
ROC20_k31_TRINITY_DN281600_c0_g1_i1,5_M_W_vs_8_M_W_up
KQB07-24619_k31_TRINITY_DN1963_c0_g1_i11,5_M_W_vs_8_M_W_up
F1-Bulk-1_k25_TRINITY_DN273_c0_g1_i3,5_M_W_vs_8_M_W_up
US851008_k25_TRINITY_DN7797_c0_g2_i1,5_M_W_vs_8_M_W_up
F1-Bulk-1_k31_TRINITY_DN22953_c0_g1_i6,5_M_W_vs_8_M_W_up
US851008_k31_TRINITY_DN25326_c0_g1_i3,5_M_W_vs_8_M_W_up
RB855156_k31_TRINITY_DN9756_c1_g1_i11,5_M_W_vs_8_M_W_up
LCP85-384_k31_TRINITY_DN11112_c0_g1_i5,5_M_W_vs_8_M_W_up
ROC20_k25_TRINITY_DN22729_c0_g2_i11,5_M_W_vs_8_M_W_up
SP80-3280_Mattielo_SP803280_c117089_g1_i4,5_M_W_vs_8_M_W_up
Co8021_k31_TRINITY_DN9970_c0_g1_i1,5_M_W_vs_8_M_W_up
KQ08-2850_k25_TRINITY_DN116_c6_g1_i1,5_M_W_vs_8_M_W_up
KQB07-23863_k25_TRINITY_DN13570_c0_g1_i17,5_M_W_vs_8_M_W_up
MT11-610_k31_TRINITY_DN18838_c0_g1_i3,5_M_W_vs_8_M_W_up
GXU-34176_k31_TRINITY_DN9119_c0_g2_i6,5_M_W_vs_8_M_W_up
Co8021_k25_TRINITY_DN29697_c0_g1_i1,5_M_W_vs_8_M_W_up
KQ08-2850_k31_TRINITY_DN8641_c0_g1_i2,5_M_W_vs_8_M_W_up
GUC10_k25_TRINITY_DN4919_c0_g1_i4,5_M_W_vs_8_M_W_up
LCP85-384_k25_TRINITY_DN25585_c0_g2_i7,5_M_W_vs_8_M_W_up
LCP85-384_k25_TRINITY_DN48103_c0_g1_i6,5_M_W_vs_8_M_W_up
KQB09-20620_k31_TRINITY_DN658_c0_g1_i6,5_M_W_vs_8_M_W_up
Co8021_k31_TRINITY_DN78294_c1_g1_i1,5_M_W_vs_8_M_W_up
KQB07-23990_k31_TRINITY_DN12877_c0_g1_i3,5_M_W_vs_8_M_W_up
QBYN04-26041_k31_TRINITY_DN7513_c1_g1_i1,5_M_W_vs_8_M_W_up
R570_BAC_Sh_216E18_p000030,5_M_W_vs_8_M_W_up
ROC22_k25_TRINITY_DN14630_c0_g2_i1,5_M_W_vs_8_M_W_up
Q241_k31_TRINITY_DN14778_c0_g3_i3,5_M_W_vs_8_M_W_up
QBYN04-26041_k25_TRINITY_DN4086_c0_g1_i8,5_M_W_vs_8_M_W_up
F1-Bulk-2_k25_TRINITY_DN136_c0_g1_i1,5_M_W_vs_8_M_W_up
GT96-167_k31_TRINITY_DN9044_c0_g1_i2,5_M_W_vs_8_M_W_up
SP80-3280_Mattielo_SP803280_c109300_g3_i4,5_M_W_vs_8_M_W_up
SP80-3280_Mattielo_SP803280_c96765_g1_i2,5_M_W_vs_8_M_W_up
RB855156_k25_TRINITY_DN26861_c0_g1_i9,5_M_W_vs_8_M_W_up
CC011940_cc_00014013-RA,5_M_W_vs_8_M_W_up
SP80-3280_Mattielo_SP803280_c114959_g2_i3,5_M_W_vs_8_M_W_up
LCP85-384_k31_TRINITY_DN17781_c0_g1_i4,5_M_W_vs_8_M_W_up
ROC20_k31_TRINITY_DN23585_c0_g1_i10,5_M_W_vs_8_M_W_up
US851008_k31_TRINITY_DN5262_c0_g2_i2,5_M_W_vs_8_M_W_up
QA02-1009_k31_TRINITY_DN23746_c0_g1_i17,5_M_W_vs_8_M_W_up
KQ08-2850_k25_TRINITY_DN17005_c0_g1_i5,5_M_W_vs_8_M_W_up
KQB07-24619_k25_TRINITY_DN3690_c0_g1_i9,5_M_W_vs_8_M_W_up
GXU-34140_k31_TRINITY_DN721_c0_g1_i4,5_M_W_vs_8_M_W_up
CP74-2005_k25_TRINITY_DN24324_c0_g1_i6,5_M_W_vs_8_M_W_up
KQB07-24619_k25_TRINITY_DN11299_c0_g1_i1,5_M_W_vs_8_M_W_up
GT96-167_k31_TRINITY_DN8907_c0_g1_i15,5_M_W_vs_8_M_W_up
Co06022_k31_TRINITY_DN3285_c1_g1_i7,5_M_W_vs_8_M_W_up
CP74-2005_k31_TRINITY_DN115895_c0_g1_i1,5_M_W_vs_8_M_W_up
ROC22_k25_TRINITY_DN29842_c0_g2_i6,5_M_W_vs_8_M_W_up
KQB07-23990_k25_TRINITY_DN3987_c0_g1_i6,5_M_W_vs_8_M_W_up
KQB07-23863_k25_TRINITY_DN684_c0_g2_i1,5_M_W_vs_8_M_W_up
QBYN04-26041_k31_TRINITY_DN9455_c0_g1_i1,5_M_W_vs_8_M_W_up
KQB07-24619_k31_TRINITY_DN35680_c0_g1_i7,5_M_W_vs_8_M_W_up
Co06022_k31_TRINITY_DN9131_c0_g1_i18,5_M_W_vs_8_M_W_up
KQB08-32953_k25_TRINITY_DN2197_c0_g1_i1,5_M_W_vs_8_M_W_up
CoV92102_k31_TRINITY_DN6021_c0_g1_i3,5_M_W_vs_8_M_W_up
KQB07-23863_k31_TRINITY_DN3855_c0_g1_i2,5_M_W_vs_8_M_W_up
QA02-1009_k25_TRINITY_DN39133_c0_g1_i1,5_M_W_vs_8_M_W_up
T2_k31_TRINITY_DN7686_c0_g1_i4,5_M_W_vs_8_M_W_up
SP803280_IQUSP_evm.model.uti_cns_0064951.4,5_M_W_vs_8_M_W_up
MT11-610_k31_TRINITY_DN30086_c0_g1_i13,5_M_W_vs_8_M_W_up
ROC22_k25_TRINITY_DN9434_c0_g2_i3,5_M_W_vs_8_M_W_up
QN05-1460_k25_TRINITY_DN7132_c0_g2_i4,5_M_W_vs_8_M_W_up
US851008_k25_TRINITY_DN18633_c0_g2_i1,5_M_W_vs_8_M_W_up
RB72454_k25_TRINITY_DN89594_c0_g1_i1,5_M_W_vs_8_M_W_up
ROC20_k25_TRINITY_DN83167_c0_g1_i1,5_M_W_vs_8_M_W_up
KQB07-24739_k25_TRINITY_DN1039_c0_g1_i4,5_M_W_vs_8_M_W_up
QA96-1749_k25_TRINITY_DN5528_c0_g3_i2,5_M_W_vs_8_M_W_up
Co06022_k25_TRINITY_DN17827_c0_g1_i5,5_M_W_vs_8_M_W_up
QS99-2014_k31_TRINITY_DN4708_c0_g1_i6,5_M_W_vs_8_M_W_up
CoV92102_k25_TRINITY_DN4891_c0_g1_i6,5_M_W_vs_8_M_W_up
GXU-34176_k25_TRINITY_DN21868_c0_g1_i4,5_M_W_vs_8_M_W_up
B1_k31_TRINITY_DN6308_c0_g1_i2,5_M_W_vs_8_M_W_up
CP74-2005_k31_TRINITY_DN21734_c1_g1_i5,5_M_W_vs_8_M_W_up
ROC20_k31_TRINITY_DN8366_c0_g4_i1,5_M_W_vs_8_M_W_up
KQB09-23137_k25_TRINITY_DN89780_c0_g1_i1,5_M_W_vs_8_M_W_up
KQ08-2850_k25_TRINITY_DN210_c0_g1_i10,5_M_W_vs_8_M_W_up
GT96-167_k31_TRINITY_DN13907_c0_g1_i2,5_M_W_vs_8_M_W_up
ROC20_k25_TRINITY_DN13405_c0_g2_i7,5_M_W_vs_8_M_W_up
T2_k31_TRINITY_DN78061_c0_g1_i1,5_M_W_vs_8_M_W_up
T2_k31_TRINITY_DN59696_c2_g2_i1,5_M_W_vs_8_M_W_up
QA96-1749_k31_TRINITY_DN12975_c0_g1_i1,5_M_W_vs_8_M_W_up
LCP85-384_k31_TRINITY_DN50557_c0_g2_i1,5_M_W_vs_8_M_W_up
Co8021_k31_TRINITY_DN32332_c0_g1_i1,5_M_W_vs_8_M_W_up
KQB08-32953_k25_TRINITY_DN8654_c1_g1_i1,5_M_W_vs_8_M_W_up
ROC20_k31_TRINITY_DN11741_c0_g1_i8,5_M_W_vs_8_M_W_up
F1-Bulk-1_k25_TRINITY_DN31835_c2_g1_i8,5_M_W_vs_8_M_W_up
B1_k25_TRINITY_DN21285_c0_g2_i4,5_M_W_vs_8_M_W_up
RB72454_k31_TRINITY_DN6318_c0_g1_i12,5_M_W_vs_8_M_W_up
SP80-3280_Mattielo_SP803280_c107528_g1_i6,5_M_W_vs_8_M_W_up
T1_k31_TRINITY_DN72838_c0_g1_i12,5_M_W_vs_8_M_W_up
QN05-803_k25_TRINITY_DN11442_c0_g1_i1,5_M_W_vs_8_M_W_up
ROC20_k25_TRINITY_DN8411_c0_g1_i5,5_M_W_vs_8_M_W_up
Co8021_k25_TRINITY_DN14935_c0_g1_i5,5_M_W_vs_8_M_W_up
ROC20_k31_TRINITY_DN120652_c0_g2_i2,5_M_W_vs_8_M_W_up
B1_k25_TRINITY_DN47920_c0_g1_i2,5_M_W_vs_8_M_W_up
KQB07-24739_k31_TRINITY_DN574_c0_g1_i2,5_M_W_vs_8_M_W_up
GXU-34140_k25_TRINITY_DN5300_c2_g1_i1,5_M_W_vs_8_M_W_up
ROC22_k31_TRINITY_DN141948_c0_g2_i1,5_M_W_vs_8_M_W_up
ROC20_k25_TRINITY_DN21778_c0_g1_i1,5_M_W_vs_8_M_W_up
T2_k31_TRINITY_DN60618_c0_g1_i2,5_M_W_vs_8_M_W_up
MS6847_k31_TRINITY_DN7020_c0_g1_i3,5_M_W_vs_8_M_W_up
KQ08-2850_k25_TRINITY_DN4833_c0_g2_i2,5_M_W_vs_8_M_W_up
QA02-1009_k25_TRINITY_DN6397_c0_g1_i3,5_M_W_vs_8_M_W_up
F1-Bulk-2_k25_TRINITY_DN121346_c0_g1_i1,5_M_W_vs_8_M_W_up
KQB07-24739_k25_TRINITY_DN1115_c0_g1_i9,5_M_W_vs_8_M_W_up
QA96-1749_k31_TRINITY_DN3602_c0_g1_i1,5_M_W_vs_8_M_W_up
QA02-1009_k25_TRINITY_DN872_c0_g1_i4,5_M_W_vs_8_M_W_up
RB855156_k25_TRINITY_DN11922_c0_g1_i2,5_M_W_vs_8_M_W_up
CP74-2005_k31_TRINITY_DN23653_c0_g1_i11,5_M_W_vs_8_M_W_up
QN05-1743_k25_TRINITY_DN7080_c0_g1_i13,5_M_W_vs_8_M_W_up
F1-Bulk-1_k31_TRINITY_DN11579_c0_g1_i18,5_M_W_vs_8_M_W_up
GUC10_k25_TRINITY_DN12737_c1_g2_i3,5_M_W_vs_8_M_W_up
LCP85-384_k31_TRINITY_DN4666_c0_g3_i1,5_M_W_vs_8_M_W_up
LCP85-384_k25_TRINITY_DN116212_c0_g3_i3,5_M_W_vs_8_M_W_up
ROC26_k25_TRINITY_DN9473_c0_g1_i5,5_M_W_vs_8_M_W_up
CP74-2005_k25_TRINITY_DN4924_c0_g1_i24,5_M_W_vs_8_M_W_up
LCP85-384_k31_TRINITY_DN7245_c0_g2_i4,5_M_W_vs_8_M_W_up
GN18_k31_TRINITY_DN9408_c0_g1_i4,5_M_W_vs_8_M_W_up
CoV92102_k31_TRINITY_DN11962_c0_g1_i4,5_M_W_vs_8_M_W_up
SP80-3280_unmappedk25_TRINITY_DN12769_c0_g1_i2,5_M_W_vs_8_M_W_up
QA96-1749_k25_TRINITY_DN5568_c0_g1_i17,5_M_W_vs_8_M_W_up
QN05-1743_k31_TRINITY_DN7213_c0_g1_i1,5_M_W_vs_8_M_W_up
KQB09-23137_k25_TRINITY_DN42777_c0_g1_i2,5_M_W_vs_8_M_W_up
QN05-1509_k25_TRINITY_DN7042_c0_g1_i1,5_M_W_vs_8_M_W_up
US851008_k31_TRINITY_DN18167_c1_g1_i1,5_M_W_vs_8_M_W_up
F1-Bulk-2_k25_TRINITY_DN49199_c0_g2_i3,5_M_W_vs_8_M_W_up
KQ08-2850_k31_TRINITY_DN50235_c0_g1_i12,5_M_W_vs_8_M_W_up
KQ08-2850_k31_TRINITY_DN1389_c0_g1_i9,5_M_W_vs_8_M_W_up
ROC22_k31_TRINITY_DN57890_c0_g2_i1,5_M_W_vs_8_M_W_up
KQB08-32953_k31_TRINITY_DN2463_c0_g1_i9,5_M_W_vs_8_M_W_up
QA02-1009_k25_TRINITY_DN4058_c0_g1_i14,5_M_W_vs_8_M_W_up
QN05-1509_k31_TRINITY_DN595_c0_g1_i4,5_M_W_vs_8_M_W_up
Q200_k25_TRINITY_DN3057_c0_g2_i1,5_M_W_vs_8_M_W_up
ROC20_k25_TRINITY_DN95283_c0_g1_i2,5_M_W_vs_8_M_W_up
MT11-610_k31_TRINITY_DN178507_c0_g2_i2,5_M_W_vs_8_M_W_up
RB855156_k25_TRINITY_DN11998_c0_g1_i6,5_M_W_vs_8_M_W_up
Co8021_k31_TRINITY_DN18593_c0_g1_i10,5_M_W_vs_8_M_W_up
LCP85-384_k31_TRINITY_DN18628_c0_g1_i5,5_M_W_vs_8_M_W_up
Co8021_k31_TRINITY_DN6440_c0_g1_i2,5_M_W_vs_8_M_W_up
MT11-610_k31_TRINITY_DN1896_c6_g1_i2,5_M_W_vs_8_M_W_up
Q200_k31_TRINITY_DN9805_c0_g1_i13,5_M_W_vs_8_M_W_up
QBYN04-26041_k25_TRINITY_DN6427_c0_g1_i14,5_M_W_vs_8_M_W_up
RB855156_k25_TRINITY_DN22787_c0_g1_i1,5_M_W_vs_8_M_W_up
Q200_k31_TRINITY_DN5624_c0_g1_i1,5_M_W_vs_8_M_W_up
ROC20_k31_TRINITY_DN19808_c0_g1_i1,5_M_W_vs_8_M_W_up
RB72454_k31_TRINITY_DN9085_c0_g1_i1,5_M_W_vs_8_M_W_up
B1_k25_TRINITY_DN31376_c0_g2_i1,5_M_W_vs_8_M_W_up
KQB09-23137_k25_TRINITY_DN11115_c0_g1_i3,5_M_W_vs_8_M_W_up
Q200_k31_TRINITY_DN6473_c0_g1_i9,5_M_W_vs_8_M_W_up
KQB07-24619_k25_TRINITY_DN10720_c0_g1_i3,5_M_W_vs_8_M_W_up
Q241_k25_TRINITY_DN54670_c0_g1_i1,5_M_W_vs_8_M_W_up
ROC22_k25_TRINITY_DN6742_c0_g1_i1,5_M_W_vs_8_M_W_up
US851008_k25_TRINITY_DN14641_c0_g1_i5,5_M_W_vs_8_M_W_up
ROC22_k31_TRINITY_DN25415_c0_g1_i7,5_M_W_vs_8_M_W_up
B2_k25_TRINITY_DN11437_c0_g1_i1,5_M_W_vs_8_M_W_up
SP803280_IQUSP_evm.model.uti_cns_0065957.9,5_M_W_vs_8_M_W_up
F1-Bulk-1_k25_TRINITY_DN9802_c0_g2_i7,5_M_W_vs_8_M_W_up
CoV92102_k31_TRINITY_DN1766_c0_g1_i1,5_M_W_vs_8_M_W_up
MT11-610_k25_TRINITY_DN125746_c1_g1_i1,5_M_W_vs_8_M_W_up
MT11-610_k25_TRINITY_DN72215_c0_g2_i3,5_M_W_vs_8_M_W_up
ROC22_k31_TRINITY_DN24940_c0_g2_i9,5_M_W_vs_8_M_W_up
US851008_k25_TRINITY_DN30025_c4_g1_i1,5_M_W_vs_8_M_W_up
F1-Bulk-2_k25_TRINITY_DN23794_c0_g3_i2,5_M_W_vs_8_M_W_up
FN95-1702_k25_TRINITY_DN24935_c0_g1_i3,5_M_W_vs_8_M_W_up
T1_k25_TRINITY_DN3928_c0_g2_i3,5_M_W_vs_8_M_W_up
GT96-167_k25_TRINITY_DN315_c0_g2_i6,5_M_W_vs_8_M_W_up
Co06022_k25_TRINITY_DN25123_c0_g1_i1,5_M_W_vs_8_M_W_up
US851008_k31_TRINITY_DN20151_c0_g1_i5,5_M_W_vs_8_M_W_up
QA96-1749_k25_TRINITY_DN8104_c0_g1_i1,5_M_W_vs_8_M_W_up
RB72454_k25_TRINITY_DN2223_c0_g1_i10,5_M_W_vs_8_M_W_up
GN18_k31_TRINITY_DN51630_c0_g1_i3,5_M_W_vs_8_M_W_up
QN05-1460_k25_TRINITY_DN3048_c0_g1_i8,5_M_W_vs_8_M_W_up
QC02-402_k31_TRINITY_DN53133_c0_g1_i2,5_M_W_vs_8_M_W_up
B2_k31_TRINITY_DN3357_c0_g1_i1,5_M_W_vs_8_M_W_up
T2_k31_TRINITY_DN5175_c0_g2_i1,5_M_W_vs_8_M_W_up
KQB07-24619_k31_TRINITY_DN33949_c0_g1_i6,5_M_W_vs_8_M_W_up
MT11-610_k25_TRINITY_DN38498_c0_g1_i5,5_M_W_vs_8_M_W_up
QN05-1460_k25_TRINITY_DN5774_c0_g1_i9,5_M_W_vs_8_M_W_up
LCP85-384_k31_TRINITY_DN16989_c0_g3_i2,5_M_W_vs_8_M_W_up
SP80-3280_Mattielo_SP803280_c74291_g1_i1,5_M_W_vs_8_M_W_up
ROC20_k31_TRINITY_DN17345_c0_g1_i15,5_M_W_vs_8_M_W_up
B1_k31_TRINITY_DN31050_c0_g4_i1,5_M_W_vs_8_M_W_up
Co8021_k31_TRINITY_DN13278_c0_g1_i8,5_M_W_vs_8_M_W_up
ROC26_k31_TRINITY_DN6813_c0_g1_i8,5_M_W_vs_8_M_W_up
ROC20_k25_TRINITY_DN16405_c1_g1_i8,5_M_W_vs_8_M_W_up
Q241_k25_TRINITY_DN10517_c0_g1_i3,5_M_W_vs_8_M_W_up
QS99-2014_k25_TRINITY_DN10883_c0_g3_i5,5_M_W_vs_8_M_W_up
ROC22_k31_TRINITY_DN15222_c0_g1_i14,5_M_W_vs_8_M_W_up
GXU-34176_k25_TRINITY_DN9406_c1_g1_i8,5_M_W_vs_8_M_W_up
QBYN04-26041_k31_TRINITY_DN26267_c0_g1_i10,5_M_W_vs_8_M_W_up
MT11-610_k25_TRINITY_DN11475_c1_g1_i1,5_M_W_vs_8_M_W_up
GXU-34176_k25_TRINITY_DN102650_c0_g1_i1,5_M_W_vs_8_M_W_up
LCP85-384_k25_TRINITY_DN70605_c0_g1_i2,5_M_W_vs_8_M_W_up
LCP85-384_k31_TRINITY_DN9734_c0_g1_i3,5_M_W_vs_8_M_W_up
QN05-1460_k25_TRINITY_DN9232_c0_g1_i3,5_M_W_vs_8_M_W_up
ROC22_k31_TRINITY_DN30279_c0_g1_i3,5_M_W_vs_8_M_W_up
R570_BAC_Sh_149L06_p000050,5_M_W_vs_8_M_W_up
KQB07-23863_k25_TRINITY_DN3531_c0_g1_i4,5_M_W_vs_8_M_W_up
QBYN04-26041_k25_TRINITY_DN5745_c1_g1_i1,5_M_W_vs_8_M_W_up
CP74-2005_k25_TRINITY_DN1261_c0_g1_i2,5_M_W_vs_8_M_W_up
B1_k25_TRINITY_DN7086_c0_g2_i2,5_M_W_vs_8_M_W_up
LCP85-384_k25_TRINITY_DN99525_c0_g1_i8,5_M_W_vs_8_M_W_up
QBYN04-26041_k25_TRINITY_DN63861_c0_g1_i1,5_M_W_vs_8_M_W_up
F1-Bulk-2_k31_TRINITY_DN92320_c0_g1_i2,5_M_W_vs_8_M_W_up
QN05-1460_k25_TRINITY_DN362_c2_g1_i7,5_M_W_vs_8_M_W_up
ROC22_k25_TRINITY_DN36761_c0_g1_i2,5_M_W_vs_8_M_W_up
Q200_k25_TRINITY_DN25137_c0_g1_i1,5_M_W_vs_8_M_W_up
R570_BAC_Sh_230L13_p000040,5_M_W_vs_8_M_W_up
QA02-1009_k31_TRINITY_DN2341_c0_g1_i5,5_M_W_vs_8_M_W_up
ROC20_k25_TRINITY_DN11892_c1_g1_i13,5_M_W_vs_8_M_W_up
KQB08-32953_k25_TRINITY_DN45149_c0_g1_i1,5_M_W_vs_8_M_W_up
ROC22_k31_TRINITY_DN38640_c0_g1_i8,5_M_W_vs_8_M_W_up
CP74-2005_k25_TRINITY_DN172163_c0_g1_i1,5_M_W_vs_8_M_W_up
SP80-3280_Mattielo_SP803280_c111979_g2_i2,5_M_W_vs_8_M_W_up
KQB07-24619_k25_TRINITY_DN75048_c0_g1_i1,5_M_W_vs_8_M_W_up
ROC20_k31_TRINITY_DN1102_c1_g1_i1,5_M_W_vs_8_M_W_up
LCP85-384_k25_TRINITY_DN19594_c0_g1_i3,5_M_W_vs_8_M_W_up
QN05-1743_k31_TRINITY_DN5407_c0_g1_i9,5_M_W_vs_8_M_W_up
QA96-1749_k31_TRINITY_DN3514_c0_g2_i6,5_M_W_vs_8_M_W_up
KQB07-24739_k31_TRINITY_DN4448_c0_g1_i2,5_M_W_vs_8_M_W_up
TUC717_k25_TRINITY_DN3012_c0_g1_i5,5_M_W_vs_8_M_W_up
ROC22_k25_TRINITY_DN75608_c0_g2_i4,5_M_W_vs_8_M_W_up
RB72454_k25_TRINITY_DN2177_c0_g1_i7,5_M_W_vs_8_M_W_up
QA02-1009_k31_TRINITY_DN5330_c0_g1_i12,5_M_W_vs_8_M_W_up
KQB07-24739_k31_TRINITY_DN1502_c0_g1_i6,5_M_W_vs_8_M_W_up
QA96-1749_k31_TRINITY_DN9314_c0_g3_i2,5_M_W_vs_8_M_W_up
FN95-1702_k25_TRINITY_DN14531_c0_g1_i2,5_M_W_vs_8_M_W_up
KQB07-23990_k25_TRINITY_DN7178_c0_g1_i4,5_M_W_vs_8_M_W_up
Co06022_k25_TRINITY_DN29288_c0_g1_i2,5_M_W_vs_8_M_W_up
MT11-610_k25_TRINITY_DN44262_c0_g4_i2,5_M_W_vs_8_M_W_up
F1-Bulk-1_k31_TRINITY_DN1353_c0_g1_i1,5_M_W_vs_8_M_W_up
R570_ASM_Sh09_p009110,5_M_W_vs_8_M_W_up
RB855156_k25_TRINITY_DN13905_c0_g1_i7,5_M_W_vs_8_M_W_up
ROC22_k31_TRINITY_DN10278_c0_g1_i21,5_M_W_vs_8_M_W_up
KQB08-32953_k31_TRINITY_DN9042_c0_g1_i1,5_M_W_vs_8_M_W_up
CoV92102_k25_TRINITY_DN58265_c0_g2_i1,5_M_W_vs_8_M_W_up
SP803280_IQUSP_evm.model.uti_cns_0007562.2,5_M_W_vs_8_M_W_up
ROC20_k31_TRINITY_DN1474_c0_g1_i4,5_M_W_vs_8_M_W_up
ROC22_k25_TRINITY_DN16154_c0_g1_i8,5_M_W_vs_8_M_W_up
ROC22_k31_TRINITY_DN29235_c0_g1_i23,5_M_W_vs_8_M_W_up
KQB07-23990_k25_TRINITY_DN757_c0_g1_i2,5_M_W_vs_8_M_W_up
QN05-1743_k31_TRINITY_DN16820_c0_g1_i7,5_M_W_vs_8_M_W_up
F1-Bulk-1_k25_TRINITY_DN15916_c1_g1_i6,5_M_W_vs_8_M_W_up
TUC717_k25_TRINITY_DN11617_c0_g1_i1,5_M_W_vs_8_M_W_up
Co06022_k31_TRINITY_DN6154_c0_g3_i2,5_M_W_vs_8_M_W_up
B2_k25_TRINITY_DN112998_c0_g1_i1,5_M_W_vs_8_M_W_up
KQ08-2850_k25_TRINITY_DN3348_c0_g1_i10,5_M_W_vs_8_M_W_up
MT11-610_k31_TRINITY_DN17241_c0_g1_i2,5_M_W_vs_8_M_W_up
KQB08-32953_k31_TRINITY_DN224_c0_g2_i11,5_M_W_vs_8_M_W_up
GN18_k31_TRINITY_DN11023_c0_g1_i8,5_M_W_vs_8_M_W_up
MT11-610_k31_TRINITY_DN3576_c0_g2_i11,5_M_W_vs_8_M_W_up
QN05-1743_k25_TRINITY_DN12952_c0_g1_i14,5_M_W_vs_8_M_W_up
GUC2_k25_TRINITY_DN49573_c0_g1_i1,5_M_W_vs_8_M_W_up
KQB07-23990_k25_TRINITY_DN55278_c0_g2_i1,5_M_W_vs_8_M_W_up
QA02-1009_k31_TRINITY_DN109151_c0_g1_i1,5_M_W_vs_8_M_W_up
MS6847_k25_TRINITY_DN32711_c0_g1_i1,5_M_W_vs_8_M_W_up
QN05-803_k31_TRINITY_DN1967_c0_g1_i9,5_M_W_vs_8_M_W_up
QN05-1743_k31_TRINITY_DN4453_c0_g2_i2,5_M_W_vs_8_M_W_up
GN18_k31_TRINITY_DN3568_c0_g1_i10,5_M_W_vs_8_M_W_up
RB72454_k25_TRINITY_DN14583_c0_g1_i7,5_M_W_vs_8_M_W_up
CP74-2005_k31_TRINITY_DN4759_c1_g1_i11,5_M_W_vs_8_M_W_up
GXU-34140_k31_TRINITY_DN8772_c0_g1_i8,5_M_W_vs_8_M_W_up
KQB07-23990_k25_TRINITY_DN36296_c0_g1_i8,5_M_W_vs_8_M_W_up
ROC20_k31_TRINITY_DN10005_c0_g1_i3,5_M_W_vs_8_M_W_up
QC02-402_k25_TRINITY_DN12880_c0_g1_i3,5_M_W_vs_8_M_W_up
T2_k31_TRINITY_DN16456_c0_g1_i1,5_M_W_vs_8_M_W_up
ROC22_k25_TRINITY_DN15931_c0_g1_i9,5_M_W_vs_8_M_W_up
B1_k25_TRINITY_DN39757_c0_g1_i1,5_M_W_vs_8_M_W_up
KQB09-20432_k25_TRINITY_DN8346_c0_g1_i1,5_M_W_vs_8_M_W_up
TUC717_k25_TRINITY_DN4753_c0_g1_i3,5_M_W_vs_8_M_W_up
KQB08-32953_k31_TRINITY_DN7015_c0_g1_i1,5_M_W_vs_8_M_W_up
US851008_k31_TRINITY_DN5386_c0_g1_i5,5_M_W_vs_8_M_W_up
QN05-1743_k25_TRINITY_DN22867_c0_g1_i1,5_M_W_vs_8_M_W_up
KQB07-23863_k25_TRINITY_DN2850_c0_g1_i13,5_M_W_vs_8_M_W_up
Q200_k25_TRINITY_DN26957_c0_g3_i1,5_M_W_vs_8_M_W_up
ROC26_k31_TRINITY_DN7508_c0_g1_i12,5_M_W_vs_8_M_W_up
KQB07-23990_k25_TRINITY_DN989_c0_g1_i2,5_M_W_vs_8_M_W_up
QC02-402_k31_TRINITY_DN16179_c0_g2_i1,5_M_W_vs_8_M_W_up
GN18_k31_TRINITY_DN31262_c0_g2_i1,5_M_W_vs_8_M_W_up
KQB07-23990_k25_TRINITY_DN6260_c0_g1_i3,5_M_W_vs_8_M_W_up
GUC10_k25_TRINITY_DN13204_c1_g1_i1,5_M_W_vs_8_M_W_up
ROC22_k31_TRINITY_DN300604_c0_g1_i1,5_M_W_vs_8_M_W_up
KQB07-24619_k25_TRINITY_DN6136_c0_g3_i3,5_M_W_vs_8_M_W_up
F1-Bulk-2_k25_TRINITY_DN5723_c0_g1_i5,5_M_W_vs_8_M_W_up
ROC20_k31_TRINITY_DN4499_c0_g1_i5,5_M_W_vs_8_M_W_up
RB855156_k31_TRINITY_DN4039_c0_g1_i3,5_M_W_vs_8_M_W_up
MT11-610_k31_TRINITY_DN12671_c0_g1_i8,5_M_W_vs_8_M_W_up
RB72454_k25_TRINITY_DN13760_c1_g1_i1,5_M_W_vs_8_M_W_up
QS99-2014_k31_TRINITY_DN422_c0_g2_i13,5_M_W_vs_8_M_W_up
RB72454_k25_TRINITY_DN2022_c1_g1_i4,5_M_W_vs_8_M_W_up
CoV92102_k25_TRINITY_DN137572_c0_g1_i1,5_M_W_vs_8_M_W_up
QC02-402_k25_TRINITY_DN724_c0_g1_i7,5_M_W_vs_8_M_W_up
KQB07-24619_k31_TRINITY_DN835_c0_g1_i6,5_M_W_vs_8_M_W_up
KQB09-20432_k25_TRINITY_DN9713_c0_g1_i2,5_M_W_vs_8_M_W_up
LCP85-384_k31_TRINITY_DN55653_c0_g1_i3,5_M_W_vs_8_M_W_up
T1_k31_TRINITY_DN15278_c0_g1_i1,5_M_W_vs_8_M_W_up
TUC717_k31_TRINITY_DN8893_c0_g2_i2,5_M_W_vs_8_M_W_up
ROC20_k31_TRINITY_DN1703_c0_g1_i5,5_M_W_vs_8_M_W_up
QN05-803_k25_TRINITY_DN68527_c0_g1_i1,5_M_W_vs_8_M_W_up
KQB07-23990_k31_TRINITY_DN4783_c0_g1_i7,5_M_W_vs_8_M_W_up
SP803280_IQUSP_evm.model.uti_cns_0113425.1,5_M_W_vs_8_M_W_up
KQB07-24619_k25_TRINITY_DN955_c0_g1_i3,5_M_W_vs_8_M_W_up
US851008_k25_TRINITY_DN13965_c2_g1_i1,5_M_W_vs_8_M_W_up
ROC22_k31_TRINITY_DN18737_c0_g2_i1,5_M_W_vs_8_M_W_up
Co8021_k25_TRINITY_DN9736_c1_g1_i8,5_M_W_vs_8_M_W_up
LCP85-384_k25_TRINITY_DN30062_c0_g1_i4,5_M_W_vs_8_M_W_up
QN05-1509_k31_TRINITY_DN10430_c0_g1_i2,5_M_W_vs_8_M_W_up
ROC22_k25_TRINITY_DN32053_c0_g1_i4,5_M_W_vs_8_M_W_up
LCP85-384_k31_TRINITY_DN146020_c0_g3_i1,5_M_W_vs_8_M_W_up
QC02-402_k31_TRINITY_DN6992_c2_g1_i1,5_M_W_vs_8_M_W_up
MS6847_k31_TRINITY_DN22464_c0_g2_i1,5_M_W_vs_8_M_W_up
CoV92102_k25_TRINITY_DN7128_c0_g1_i11,5_M_W_vs_8_M_W_up
R570_BAC_Sh_241G09_p000050,5_M_W_vs_8_M_W_up
RB855156_k25_TRINITY_DN28956_c0_g1_i5,5_M_W_vs_8_M_W_up
GN18_k25_TRINITY_DN21464_c0_g1_i5,5_M_W_vs_8_M_W_up
RB72454_k25_TRINITY_DN2429_c0_g1_i5,5_M_W_vs_8_M_W_up
RB855156_k25_TRINITY_DN34877_c0_g1_i1,5_M_W_vs_8_M_W_up
GXU-34176_k31_TRINITY_DN4098_c0_g1_i4,5_M_W_vs_8_M_W_up
LCP85-384_k31_TRINITY_DN4006_c0_g2_i1,5_M_W_vs_8_M_W_up
QN05-1509_k31_TRINITY_DN18720_c0_g1_i1,5_M_W_vs_8_M_W_up
QA96-1749_k31_TRINITY_DN719_c0_g1_i2,5_M_W_vs_8_M_W_up
QS99-2014_k31_TRINITY_DN8994_c0_g1_i5,5_M_W_vs_8_M_W_up
QN05-1743_k25_TRINITY_DN10389_c0_g1_i2,5_M_W_vs_8_M_W_up
MT11-610_k31_TRINITY_DN15060_c0_g2_i1,5_M_W_vs_8_M_W_up
KQB08-32953_k31_TRINITY_DN345_c0_g2_i1,5_M_W_vs_8_M_W_up
Q200_k25_TRINITY_DN89731_c0_g1_i1,5_M_W_vs_8_M_W_up
ROC22_k25_TRINITY_DN106693_c0_g2_i4,5_M_W_vs_8_M_W_up
KQB09-20620_k31_TRINITY_DN10130_c0_g1_i1,5_M_W_vs_8_M_W_up
CP74-2005_k31_TRINITY_DN10089_c0_g1_i18,5_M_W_vs_8_M_W_up
MT11-610_k25_TRINITY_DN23813_c0_g1_i2,5_M_W_vs_8_M_W_up
CP74-2005_k25_TRINITY_DN26016_c0_g3_i1,5_M_W_vs_8_M_W_up
T1_k25_TRINITY_DN26258_c0_g1_i1,5_M_W_vs_8_M_W_up
MT11-610_k25_TRINITY_DN39139_c0_g1_i1,5_M_W_vs_8_M_W_up
MT11-610_k25_TRINITY_DN68659_c0_g3_i1,5_M_W_vs_8_M_W_up
LCP85-384_k31_TRINITY_DN64449_c0_g3_i2,5_M_W_vs_8_M_W_up
KQB07-24619_k31_TRINITY_DN876_c0_g1_i1,5_M_W_vs_8_M_W_up
CP74-2005_k25_TRINITY_DN7084_c0_g2_i2,5_M_W_vs_8_M_W_up
QBYN04-26041_k25_TRINITY_DN58764_c0_g1_i1,5_M_W_vs_8_M_W_up
TUC717_k31_TRINITY_DN5334_c0_g1_i11,5_M_W_vs_8_M_W_up
KQB07-24739_k31_TRINITY_DN12531_c0_g1_i3,5_M_W_vs_8_M_W_up
QN05-803_k31_TRINITY_DN32492_c0_g1_i2,5_M_W_vs_8_M_W_up
CP74-2005_k31_TRINITY_DN22875_c0_g2_i5,5_M_W_vs_8_M_W_up
Q200_k25_TRINITY_DN1648_c0_g1_i2,5_M_W_vs_8_M_W_up
TUC717_k31_TRINITY_DN4490_c0_g1_i12,5_M_W_vs_8_M_W_up
CoV92102_k31_TRINITY_DN3047_c0_g1_i5,5_M_W_vs_8_M_W_up
F1-Bulk-1_k31_TRINITY_DN26734_c0_g1_i2,5_M_W_vs_8_M_W_up
QS99-2014_k25_TRINITY_DN2556_c0_g1_i4,5_M_W_vs_8_M_W_up
ROC20_k25_TRINITY_DN80257_c1_g1_i1,5_M_W_vs_8_M_W_up
KQB07-24619_k31_TRINITY_DN3593_c0_g1_i3,5_M_W_vs_8_M_W_up
US851008_k25_TRINITY_DN921_c0_g1_i12,5_M_W_vs_8_M_W_up
CoV92102_k25_TRINITY_DN8943_c0_g1_i4,5_M_W_vs_8_M_W_up
ROC20_k25_TRINITY_DN29248_c0_g1_i4,5_M_W_vs_8_M_W_up
GXU-34176_k25_TRINITY_DN10178_c0_g1_i1,5_M_W_vs_8_M_W_up
QN05-1743_k31_TRINITY_DN3981_c0_g1_i15,5_M_W_vs_8_M_W_up
B1_k25_TRINITY_DN26005_c0_g1_i1,5_M_W_vs_8_M_W_up
KQB07-24739_k31_TRINITY_DN1226_c0_g1_i1,5_M_W_vs_8_M_W_up
KQB07-24739_k25_TRINITY_DN20057_c0_g3_i3,5_M_W_vs_8_M_W_up
RB855156_k31_TRINITY_DN8033_c0_g2_i4,5_M_W_vs_8_M_W_up
KQB09-20620_k31_TRINITY_DN3911_c0_g1_i14,5_M_W_vs_8_M_W_up
QN05-1460_k25_TRINITY_DN74645_c0_g1_i1,5_M_W_vs_8_M_W_up
RB72454_k31_TRINITY_DN3439_c0_g3_i8,5_M_W_vs_8_M_W_up
SP803280_IQUSP_evm.model.uti_cns_0213075.3,5_M_W_vs_8_M_W_up
GN18_k31_TRINITY_DN82_c0_g1_i3,5_M_W_vs_8_M_W_up
SP80-3280_Mattielo_SP803280_c114354_g1_i5,5_M_W_vs_8_M_W_up
QS99-2014_k31_TRINITY_DN4854_c0_g1_i11,5_M_W_vs_8_M_W_up
ROC20_k31_TRINITY_DN15597_c0_g1_i5,5_M_W_vs_8_M_W_up
TUC717_k25_TRINITY_DN6637_c0_g1_i2,5_M_W_vs_8_M_W_up
CoV92102_k31_TRINITY_DN13000_c1_g2_i2,5_M_W_vs_8_M_W_up
ROC26_k31_TRINITY_DN25912_c1_g1_i1,5_M_W_vs_8_M_W_up
TUC717_k25_TRINITY_DN29703_c0_g1_i1,5_M_W_vs_8_M_W_up
QS99-2014_k25_TRINITY_DN3465_c0_g2_i19,5_M_W_vs_8_M_W_up
GUC2_k25_TRINITY_DN1804_c0_g1_i1,5_M_W_vs_8_M_W_up
T1_k25_TRINITY_DN17280_c0_g1_i7,5_M_W_vs_8_M_W_up
ROC26_k25_TRINITY_DN1382_c1_g1_i2,5_M_W_vs_8_M_W_up
Co06022_k31_TRINITY_DN79304_c0_g1_i1,5_M_W_vs_8_M_W_up
QN05-1509_k25_TRINITY_DN47230_c0_g1_i1,5_M_W_vs_8_M_W_up
CoV92102_k31_TRINITY_DN67037_c0_g1_i1,5_M_W_vs_8_M_W_up
CoV92102_k25_TRINITY_DN49905_c0_g2_i6,5_M_W_vs_8_M_W_up
Co8021_k31_TRINITY_DN13123_c0_g1_i8,5_M_W_vs_8_M_W_up
F1-Bulk-1_k31_TRINITY_DN30623_c0_g1_i2,5_M_W_vs_8_M_W_up
MT11-610_k25_TRINITY_DN19157_c0_g2_i1,5_M_W_vs_8_M_W_up
QS99-2014_k25_TRINITY_DN4946_c1_g1_i7,5_M_W_vs_8_M_W_up
QS99-2014_k25_TRINITY_DN1108_c0_g3_i1,5_M_W_vs_8_M_W_up
KQB07-23990_k25_TRINITY_DN23800_c0_g1_i1,5_M_W_vs_8_M_W_up
LCP85-384_k31_TRINITY_DN21122_c0_g2_i15,5_M_W_vs_8_M_W_up
T1_k25_TRINITY_DN42627_c0_g2_i1,5_M_W_vs_8_M_W_up
QA02-1009_k25_TRINITY_DN6244_c0_g1_i6,5_M_W_vs_8_M_W_up
QN05-1460_k31_TRINITY_DN1954_c0_g1_i1,5_M_W_vs_8_M_W_up
QBYN04-26041_k31_TRINITY_DN1049_c0_g1_i9,5_M_W_vs_8_M_W_up
RB72454_k31_TRINITY_DN9988_c0_g2_i3,5_M_W_vs_8_M_W_up
GT96-167_k25_TRINITY_DN22377_c0_g2_i3,5_M_W_vs_8_M_W_up
T2_k31_TRINITY_DN18074_c0_g1_i6,5_M_W_vs_8_M_W_up
MT11-610_k31_TRINITY_DN5248_c0_g1_i12,5_M_W_vs_8_M_W_up
QN05-1509_k25_TRINITY_DN14430_c0_g1_i4,5_M_W_vs_8_M_W_up
CoV92102_k25_TRINITY_DN47752_c0_g1_i15,5_M_W_vs_8_M_W_up
QA96-1749_k31_TRINITY_DN1317_c0_g1_i1,5_M_W_vs_8_M_W_up
LCP85-384_k31_TRINITY_DN33811_c0_g1_i1,5_M_W_vs_8_M_W_up
QS99-2014_k25_TRINITY_DN18157_c0_g1_i1,5_M_W_vs_8_M_W_up
CP74-2005_k25_TRINITY_DN55571_c1_g1_i1,5_M_W_vs_8_M_W_up
ROC20_k31_TRINITY_DN9531_c0_g1_i2,5_M_W_vs_8_M_W_up
QN05-1460_k25_TRINITY_DN4986_c0_g1_i7,5_M_W_vs_8_M_W_up
GN18_k25_TRINITY_DN11762_c0_g1_i5,5_M_W_vs_8_M_W_up
R570_BAC_Sh_248B01_p000040,5_M_W_vs_8_M_W_up
CoV92102_k25_TRINITY_DN74124_c0_g1_i7,5_M_W_vs_8_M_W_up
QS99-2014_k25_TRINITY_DN408_c0_g1_i12,5_M_W_vs_8_M_W_up
RB72454_k31_TRINITY_DN6479_c1_g1_i12,5_M_W_vs_8_M_W_up
QA96-1749_k25_TRINITY_DN8214_c0_g1_i1,5_M_W_vs_8_M_W_up
QA96-1749_k25_TRINITY_DN7163_c1_g2_i2,5_M_W_vs_8_M_W_up
KQB09-20432_k25_TRINITY_DN2716_c0_g1_i8,5_M_W_vs_8_M_W_up
US851008_k31_TRINITY_DN10105_c0_g1_i1,5_M_W_vs_8_M_W_up
KQB07-24739_k25_TRINITY_DN2959_c0_g1_i4,5_M_W_vs_8_M_W_up
TUC717_k25_TRINITY_DN30519_c1_g1_i1,5_M_W_vs_8_M_W_up
Q200_k31_TRINITY_DN3836_c0_g1_i9,5_M_W_vs_8_M_W_up
LCP85-384_k31_TRINITY_DN8270_c0_g1_i2,5_M_W_vs_8_M_W_up
B2_k31_TRINITY_DN8745_c0_g3_i1,5_M_W_vs_8_M_W_up
KQB07-23990_k31_TRINITY_DN25176_c0_g1_i3,5_M_W_vs_8_M_W_up
QN05-1460_k25_TRINITY_DN776_c0_g1_i11,5_M_W_vs_8_M_W_up
ROC22_k25_TRINITY_DN3613_c0_g1_i1,5_M_W_vs_8_M_W_up
US851008_k31_TRINITY_DN2644_c0_g1_i8,5_M_W_vs_8_M_W_up
SP80-3280_Mattielo_SP803280_c117062_g2_i1,5_M_W_vs_8_M_W_up
GUC10_k31_TRINITY_DN8690_c0_g1_i1,5_M_W_vs_8_M_W_up
ROC26_k31_TRINITY_DN15255_c0_g1_i3,5_M_W_vs_8_M_W_up
GN18_k31_TRINITY_DN28392_c0_g1_i6,5_M_W_vs_8_M_W_up
QS99-2014_k25_TRINITY_DN2623_c0_g1_i2,5_M_W_vs_8_M_W_up
QN05-1743_k25_TRINITY_DN6412_c0_g1_i3,5_M_W_vs_8_M_W_up
QBYN04-26041_k25_TRINITY_DN3771_c0_g1_i14,5_M_W_vs_8_M_W_up
KQB09-20432_k31_TRINITY_DN1682_c0_g1_i1,5_M_W_vs_8_M_W_up
SP803280_IQUSP_evm.model.uti_cns_0292417.1,5_M_W_vs_8_M_W_up
ROC20_k25_TRINITY_DN12608_c0_g1_i3,5_M_W_vs_8_M_W_up
RB72454_k25_TRINITY_DN7707_c0_g1_i2,5_M_W_vs_8_M_W_up
QN05-803_k25_TRINITY_DN10173_c0_g1_i18,5_M_W_vs_8_M_W_up
TUC717_k25_TRINITY_DN3304_c0_g2_i17,5_M_W_vs_8_M_W_up
SP80-3280_Mattielo_SP803280_c95590_g1_i5,5_M_W_vs_8_M_W_up
ROC22_k31_TRINITY_DN6920_c1_g1_i6,5_M_W_vs_8_M_W_up
MT11-610_k25_TRINITY_DN23267_c0_g1_i5,5_M_W_vs_8_M_W_up
KQB09-20620_k25_TRINITY_DN2198_c0_g1_i6,5_M_W_vs_8_M_W_up
MT11-610_k31_TRINITY_DN1943_c1_g2_i10,5_M_W_vs_8_M_W_up
ROC20_k31_TRINITY_DN18826_c0_g1_i7,5_M_W_vs_8_M_W_up
ROC20_k31_TRINITY_DN70207_c0_g1_i1,5_M_W_vs_8_M_W_up
Co8021_k25_TRINITY_DN7328_c0_g1_i8,5_M_W_vs_8_M_W_up
LCP85-384_k31_TRINITY_DN14732_c1_g1_i2,5_M_W_vs_8_M_W_up
KQ08-2850_k25_TRINITY_DN2452_c0_g2_i1,5_M_W_vs_8_M_W_up
CoV92102_k25_TRINITY_DN16748_c0_g1_i9,5_M_W_vs_8_M_W_up
QA02-1009_k31_TRINITY_DN2417_c0_g1_i8,5_M_W_vs_8_M_W_up
B1_k31_TRINITY_DN2725_c0_g1_i4,5_M_W_vs_8_M_W_up
LCP85-384_k25_TRINITY_DN27175_c1_g1_i1,5_M_W_vs_8_M_W_up
SP80-3280_Mattielo_SP803280_c67074_g2_i2,5_M_W_vs_8_M_W_up
CoV92102_k31_TRINITY_DN18382_c0_g1_i8,5_M_W_vs_8_M_W_up
GXU-34140_k25_TRINITY_DN13097_c1_g1_i1,5_M_W_vs_8_M_W_up
QBYN04-26041_k25_TRINITY_DN3294_c0_g1_i5,5_M_W_vs_8_M_W_up
TUC717_k25_TRINITY_DN20805_c0_g1_i9,5_M_W_vs_8_M_W_up
QA02-1009_k31_TRINITY_DN11956_c0_g1_i1,5_M_W_vs_8_M_W_up
KQB07-23863_k25_TRINITY_DN1358_c0_g2_i1,5_M_W_vs_8_M_W_up
QA02-1009_k25_TRINITY_DN5068_c0_g1_i10,5_M_W_vs_8_M_W_up
KQB07-24619_k31_TRINITY_DN31105_c0_g1_i3,5_M_W_vs_8_M_W_up
T2_k31_TRINITY_DN9509_c0_g1_i17,5_M_W_vs_8_M_W_up
QA96-1749_k25_TRINITY_DN4348_c0_g1_i1,5_M_W_vs_8_M_W_up
KQB07-23990_k25_TRINITY_DN7852_c0_g2_i5,5_M_W_vs_8_M_W_up
KQB07-24739_k25_TRINITY_DN4589_c0_g1_i1,5_M_W_vs_8_M_W_up
KQ08-2850_k31_TRINITY_DN4309_c0_g1_i9,5_M_W_vs_8_M_W_up
CP74-2005_k25_TRINITY_DN84256_c0_g2_i1,5_M_W_vs_8_M_W_up
GN18_k31_TRINITY_DN27111_c0_g1_i7,5_M_W_vs_8_M_W_up
Q200_k31_TRINITY_DN2352_c0_g1_i4,5_M_W_vs_8_M_W_up
TUC717_k25_TRINITY_DN105_c1_g1_i9,5_M_W_vs_8_M_W_up
KQB09-20620_k25_TRINITY_DN4992_c1_g1_i8,5_M_W_vs_8_M_W_up
GXU-34176_k25_TRINITY_DN4470_c0_g1_i3,5_M_W_vs_8_M_W_up
US851008_k31_TRINITY_DN1946_c0_g1_i1,5_M_W_vs_8_M_W_up
GN18_k25_TRINITY_DN10028_c0_g2_i12,5_M_W_vs_8_M_W_up
LCP85-384_k25_TRINITY_DN32340_c0_g1_i4,5_M_W_vs_8_M_W_up
QN05-1743_k25_TRINITY_DN41253_c1_g2_i1,5_M_W_vs_8_M_W_up
RB72454_k25_TRINITY_DN7269_c0_g2_i3,5_M_W_vs_8_M_W_up
SP80-3280_Mattielo_SP803280_c113838_g1_i3,5_M_W_vs_8_M_W_up
GN18_k31_TRINITY_DN3130_c0_g1_i5,5_M_W_vs_8_M_W_up
F1-Bulk-2_k31_TRINITY_DN3755_c0_g1_i12,5_M_W_vs_8_M_W_up
QN05-1509_k31_TRINITY_DN5094_c0_g1_i14,5_M_W_vs_8_M_W_up
FN95-1702_k25_TRINITY_DN1638_c1_g2_i1,5_M_W_vs_8_M_W_up
ROC20_k31_TRINITY_DN11623_c0_g1_i1,5_M_W_vs_8_M_W_up
US851008_k25_TRINITY_DN3251_c0_g1_i1,5_M_W_vs_8_M_W_up
ROC22_k25_TRINITY_DN6003_c0_g1_i3,5_M_W_vs_8_M_W_up
MT11-610_k31_TRINITY_DN43737_c0_g1_i1,5_M_W_vs_8_M_W_up
QN05-1509_k31_TRINITY_DN8293_c0_g1_i1,5_M_W_vs_8_M_W_up
CP74-2005_k31_TRINITY_DN60221_c0_g1_i7,5_M_W_vs_8_M_W_up
ROC20_k31_TRINITY_DN13257_c0_g1_i15,5_M_W_vs_8_M_W_up
QBYN04-26041_k31_TRINITY_DN346_c0_g1_i10,5_M_W_vs_8_M_W_up
GN18_k25_TRINITY_DN8837_c0_g1_i3,5_M_W_vs_8_M_W_up
Co8021_k25_TRINITY_DN42337_c1_g2_i3,5_M_W_vs_8_M_W_up
US851008_k25_TRINITY_DN545_c0_g1_i3,5_M_W_vs_8_M_W_up
GN18_k25_TRINITY_DN16714_c0_g1_i5,5_M_W_vs_8_M_W_up
MT11-610_k25_TRINITY_DN81949_c1_g1_i1,5_M_W_vs_8_M_W_up
ROC22_k31_TRINITY_DN27669_c0_g1_i4,5_M_W_vs_8_M_W_up
MT11-610_k31_TRINITY_DN2441_c0_g2_i2,5_M_W_vs_8_M_W_up
KQB07-23990_k25_TRINITY_DN5742_c0_g1_i16,5_M_W_vs_8_M_W_up
Q200_k25_TRINITY_DN90100_c0_g1_i1,5_M_W_vs_8_M_W_up
US851008_k25_TRINITY_DN6335_c0_g1_i10,5_M_W_vs_8_M_W_up
QN05-1743_k25_TRINITY_DN2984_c0_g1_i1,5_M_W_vs_8_M_W_up
QA96-1749_k31_TRINITY_DN2306_c0_g1_i2,5_M_W_vs_8_M_W_up
ROC20_k25_TRINITY_DN21722_c0_g1_i17,5_M_W_vs_8_M_W_up
MS6847_k25_TRINITY_DN16036_c0_g2_i6,5_M_W_vs_8_M_W_up
KQB07-24619_k31_TRINITY_DN12196_c0_g1_i1,5_M_W_vs_8_M_W_up
KQB07-24619_k25_TRINITY_DN3297_c1_g1_i9,5_M_W_vs_8_M_W_up
ROC22_k31_TRINITY_DN6182_c0_g1_i8,5_M_W_vs_8_M_W_up
QC02-402_k31_TRINITY_DN10226_c0_g1_i2,5_M_W_vs_8_M_W_up
GN18_k25_TRINITY_DN9911_c0_g2_i4,5_M_W_vs_8_M_W_up
ROC20_k25_TRINITY_DN14778_c0_g1_i3,5_M_W_vs_8_M_W_up
LCP85-384_k25_TRINITY_DN15096_c0_g1_i3,5_M_W_vs_8_M_W_up
ROC22_k31_TRINITY_DN18225_c0_g2_i1,5_M_W_vs_8_M_W_up
LCP85-384_k31_TRINITY_DN8313_c0_g1_i10,5_M_W_vs_8_M_W_up
CP74-2005_k25_TRINITY_DN133650_c0_g1_i1,5_M_W_vs_8_M_W_up
SP80-3280_Mattielo_SP803280_c77256_g1_i9,5_M_W_vs_8_M_W_up
LCP85-384_k31_TRINITY_DN14093_c0_g1_i8,5_M_W_vs_8_M_W_up
Co8021_k31_TRINITY_DN6662_c0_g1_i15,5_M_W_vs_8_M_W_up
US851008_k31_TRINITY_DN4505_c0_g1_i4,5_M_W_vs_8_M_W_up
SP803280_CTBE_evm.model.SCSP803280_000037141.2,5_M_W_vs_8_M_W_up
KQB07-24739_k25_TRINITY_DN2991_c0_g1_i1,5_M_W_vs_8_M_W_up
US851008_k25_TRINITY_DN3243_c0_g1_i12,5_M_W_vs_8_M_W_up
ROC20_k31_TRINITY_DN4195_c0_g1_i16,5_M_W_vs_8_M_W_up
GUC10_k31_TRINITY_DN9072_c0_g2_i4,5_M_W_vs_8_M_W_up
ROC22_k25_TRINITY_DN27284_c0_g1_i6,5_M_W_vs_8_M_W_up
F1-Bulk-1_k25_TRINITY_DN39342_c0_g2_i3,5_M_W_vs_8_M_W_up
QBYN04-26041_k25_TRINITY_DN9412_c0_g2_i4,5_M_W_vs_8_M_W_up
QN05-1743_k31_TRINITY_DN2791_c2_g1_i8,5_M_W_vs_8_M_W_up
FN95-1702_k31_TRINITY_DN7354_c0_g1_i2,5_M_W_vs_8_M_W_up
RB855156_k25_TRINITY_DN16440_c0_g1_i1,5_M_W_vs_8_M_W_up
RB855156_k25_TRINITY_DN27769_c2_g1_i2,5_M_W_vs_8_M_W_up
KQ08-2850_k25_TRINITY_DN11241_c0_g1_i3,5_M_W_vs_8_M_W_up
QC02-402_k25_TRINITY_DN520_c0_g1_i2,5_M_W_vs_8_M_W_up
KQB07-24739_k25_TRINITY_DN1370_c0_g1_i5,5_M_W_vs_8_M_W_up
ROC20_k31_TRINITY_DN54856_c0_g1_i4,5_M_W_vs_8_M_W_up
MS6847_k31_TRINITY_DN3736_c1_g2_i1,5_M_W_vs_8_M_W_up
KQ08-2850_k25_TRINITY_DN33602_c0_g1_i1,5_M_W_vs_8_M_W_up
B2_k31_TRINITY_DN35361_c0_g2_i1,5_M_W_vs_8_M_W_up
ROC20_k31_TRINITY_DN18417_c0_g1_i10,5_M_W_vs_8_M_W_up
SP803280_IQUSP_evm.model.uti_cns_0376095.1,5_M_W_vs_8_M_W_up
ROC20_k31_TRINITY_DN122888_c0_g1_i1,5_M_W_vs_8_M_W_up
QN05-1460_k25_TRINITY_DN12787_c0_g1_i11,5_M_W_vs_8_M_W_up
KQB07-23990_k31_TRINITY_DN3762_c0_g1_i7,5_M_W_vs_8_M_W_up
ROC22_k31_TRINITY_DN11835_c1_g1_i10,5_M_W_vs_8_M_W_up
QA96-1749_k25_TRINITY_DN14552_c0_g2_i7,5_M_W_vs_8_M_W_up
GT96-167_k31_TRINITY_DN20215_c0_g4_i1,5_M_W_vs_8_M_W_up
QS99-2014_k31_TRINITY_DN37192_c0_g1_i5,5_M_W_vs_8_M_W_up
QN05-1509_k31_TRINITY_DN4293_c0_g1_i7,5_M_W_vs_8_M_W_up
QBYN04-26041_k25_TRINITY_DN16987_c0_g1_i1,5_M_W_vs_8_M_W_up
SP80-3280_Mattielo_SP803280_c88415_g1_i9,5_M_W_vs_8_M_W_up
Co06022_k31_TRINITY_DN8763_c1_g1_i8,5_M_W_vs_8_M_W_up
MT11-610_k31_TRINITY_DN35569_c0_g1_i14,5_M_W_vs_8_M_W_up
KQ08-2850_k25_TRINITY_DN43249_c0_g1_i3,5_M_W_vs_8_M_W_up
KQB08-32953_k25_TRINITY_DN5916_c0_g1_i2,5_M_W_vs_8_M_W_up
KQB07-24739_k25_TRINITY_DN2058_c0_g1_i4,5_M_W_vs_8_M_W_up
MS6847_k25_TRINITY_DN26417_c0_g2_i4,5_M_W_vs_8_M_W_up
MT11-610_k25_TRINITY_DN1574_c0_g1_i4,5_M_W_vs_8_M_W_up
ROC20_k25_TRINITY_DN43092_c2_g1_i1,5_M_W_vs_8_M_W_up
ROC22_k25_TRINITY_DN212142_c0_g1_i1,5_M_W_vs_8_M_W_up
QA02-1009_k31_TRINITY_DN15272_c0_g1_i7,5_M_W_vs_8_M_W_up
F1-Bulk-2_k25_TRINITY_DN14902_c0_g1_i2,5_M_W_vs_8_M_W_up
RB72454_k31_TRINITY_DN3486_c0_g1_i12,5_M_W_vs_8_M_W_up
RB855156_k31_TRINITY_DN6782_c1_g2_i1,5_M_W_vs_8_M_W_up
ROC20_k31_TRINITY_DN23786_c0_g1_i3,5_M_W_vs_8_M_W_up
CoV92102_k31_TRINITY_DN169740_c0_g1_i1,5_M_W_vs_8_M_W_up
B1_k25_TRINITY_DN26822_c0_g1_i2,5_M_W_vs_8_M_W_up
GT96-167_k31_TRINITY_DN23717_c0_g1_i2,5_M_W_vs_8_M_W_up
Co06022_k25_TRINITY_DN6153_c1_g1_i2,5_M_W_vs_8_M_W_up
QS99-2014_k25_TRINITY_DN805_c0_g1_i4,5_M_W_vs_8_M_W_up
Co8021_k31_TRINITY_DN95760_c0_g1_i1,5_M_W_vs_8_M_W_up
ROC20_k31_TRINITY_DN33200_c0_g2_i3,5_M_W_vs_8_M_W_up
KQB09-23137_k31_TRINITY_DN3354_c0_g1_i8,5_M_W_vs_8_M_W_up
ROC22_k25_TRINITY_DN10025_c0_g1_i9,5_M_W_vs_8_M_W_up
SP803280_IQUSP_evm.model.uti_cns_0214493.2,5_M_W_vs_8_M_W_up
Co06022_k25_TRINITY_DN13307_c0_g1_i10,5_M_W_vs_8_M_W_up
KQB09-23137_k25_TRINITY_DN61092_c0_g1_i1,5_M_W_vs_8_M_W_up
Co8021_k31_TRINITY_DN7156_c0_g1_i13,5_M_W_vs_8_M_W_up
ROC22_k25_TRINITY_DN117972_c0_g3_i1,5_M_W_vs_8_M_W_up
QS99-2014_k31_TRINITY_DN7356_c0_g2_i5,5_M_W_vs_8_M_W_up
ROC20_k25_TRINITY_DN31612_c0_g1_i2,5_M_W_vs_8_M_W_up
ROC20_k31_TRINITY_DN56826_c0_g1_i6,5_M_W_vs_8_M_W_up
CC011940_cc_00025214-RA,5_M_W_vs_8_M_W_up
QN05-803_k25_TRINITY_DN6856_c0_g3_i5,5_M_W_vs_8_M_W_up
ROC22_k31_TRINITY_DN85864_c0_g1_i5,5_M_W_vs_8_M_W_up
QS99-2014_k31_TRINITY_DN2810_c0_g1_i17,5_M_W_vs_8_M_W_up
MT11-610_k31_TRINITY_DN47029_c0_g1_i7,5_M_W_vs_8_M_W_up
GUC10_k25_TRINITY_DN30969_c0_g1_i1,5_M_W_vs_8_M_W_up
MS6847_k25_TRINITY_DN13151_c0_g1_i14,5_M_W_vs_8_M_W_up
CP74-2005_k31_TRINITY_DN20787_c0_g1_i10,5_M_W_vs_8_M_W_up
RB72454_k31_TRINITY_DN10207_c0_g1_i5,5_M_W_vs_8_M_W_up
T1_k31_TRINITY_DN10788_c0_g3_i3,5_M_W_vs_8_M_W_up
GXU-34176_k25_TRINITY_DN57197_c0_g1_i1,5_M_W_vs_8_M_W_up
CP74-2005_k25_TRINITY_DN82722_c0_g2_i1,5_M_W_vs_8_M_W_up
SP80-3280_Mattielo_SP803280_c105683_g1_i4,5_M_W_vs_8_M_W_up
GN18_k31_TRINITY_DN6964_c2_g1_i10,5_M_W_vs_8_M_W_up
Co06022_k31_TRINITY_DN2493_c0_g1_i29,5_M_W_vs_8_M_W_up
GN18_k31_TRINITY_DN2310_c0_g1_i5,5_M_W_vs_8_M_W_up
LCP85-384_k25_TRINITY_DN121666_c0_g1_i6,5_M_W_vs_8_M_W_up
GXU-34176_k25_TRINITY_DN40194_c0_g1_i1,5_M_W_vs_8_M_W_up
ROC22_k31_TRINITY_DN153043_c0_g1_i16,5_M_W_vs_8_M_W_up
KQB09-20432_k25_TRINITY_DN12800_c0_g1_i1,5_M_W_vs_8_M_W_up
GN18_k31_TRINITY_DN19352_c0_g1_i10,5_M_W_vs_8_M_W_up
SP803280_IQUSP_evm.model.uti_cns_0404533.3,5_M_W_vs_8_M_W_up
Co06022_k31_TRINITY_DN167_c1_g1_i1,5_M_W_vs_8_M_W_up
QN05-1460_k31_TRINITY_DN3437_c0_g1_i2,5_M_W_vs_8_M_W_up
MT11-610_k31_TRINITY_DN150447_c0_g3_i2,5_M_W_vs_8_M_W_up
KQB09-20620_k25_TRINITY_DN12431_c0_g1_i14,5_M_W_vs_8_M_W_up
Q200_k25_TRINITY_DN35429_c0_g1_i4,5_M_W_vs_8_M_W_up
T2_k31_TRINITY_DN3843_c0_g1_i1,5_M_W_vs_8_M_W_up
QN05-803_k31_TRINITY_DN2104_c0_g1_i5,5_M_W_vs_8_M_W_up
LCP85-384_k25_TRINITY_DN271331_c0_g1_i1,5_M_W_vs_8_M_W_up
LCP85-384_k31_TRINITY_DN19003_c0_g2_i5,5_M_W_vs_8_M_W_up
QC02-402_k25_TRINITY_DN6065_c0_g1_i1,5_M_W_vs_8_M_W_up
FN95-1702_k25_TRINITY_DN22283_c0_g1_i4,5_M_W_vs_8_M_W_up
LCP85-384_k25_TRINITY_DN46932_c0_g1_i19,5_M_W_vs_8_M_W_up
QN05-1509_k25_TRINITY_DN6031_c0_g2_i4,5_M_W_vs_8_M_W_up
QC02-402_k25_TRINITY_DN43496_c0_g2_i1,5_M_W_vs_8_M_W_up
ROC22_k31_TRINITY_DN50906_c0_g2_i5,5_M_W_vs_8_M_W_up
GXU-34140_k31_TRINITY_DN54539_c1_g1_i1,5_M_W_vs_8_M_W_up
R570_ASM_Sh05_p003330,5_M_W_vs_8_M_W_up
ROC20_k25_TRINITY_DN12118_c0_g1_i22,5_M_W_vs_8_M_W_up
QS99-2014_k25_TRINITY_DN1648_c0_g1_i7,5_M_W_vs_8_M_W_up
QA02-1009_k25_TRINITY_DN5357_c0_g1_i11,5_M_W_vs_8_M_W_up
TUC717_k25_TRINITY_DN19105_c0_g1_i1,5_M_W_vs_8_M_W_up
QA96-1749_k31_TRINITY_DN761_c0_g1_i8,5_M_W_vs_8_M_W_up
CP74-2005_k25_TRINITY_DN13424_c0_g1_i12,5_M_W_vs_8_M_W_up
ROC20_k31_TRINITY_DN7613_c0_g1_i3,5_M_W_vs_8_M_W_up
F1-Bulk-1_k25_TRINITY_DN3538_c0_g3_i2,5_M_W_vs_8_M_W_up
US851008_k25_TRINITY_DN286_c0_g1_i3,5_M_W_vs_8_M_W_up
Q200_k31_TRINITY_DN32260_c3_g1_i1,5_M_W_vs_8_M_W_up
T1_k25_TRINITY_DN401_c1_g1_i3,5_M_W_vs_8_M_W_up
QBYN04-26041_k25_TRINITY_DN37129_c0_g1_i1,5_M_W_vs_8_M_W_up
Co8021_k31_TRINITY_DN23736_c0_g1_i5,5_M_W_vs_8_M_W_up
CP74-2005_k31_TRINITY_DN110160_c0_g2_i3,5_M_W_vs_8_M_W_up
ROC22_k31_TRINITY_DN14220_c0_g1_i7,5_M_W_vs_8_M_W_up
QN05-1509_k25_TRINITY_DN1252_c0_g1_i1,5_M_W_vs_8_M_W_up
Q200_k25_TRINITY_DN14565_c0_g1_i23,5_M_W_vs_8_M_W_up
Q241_k31_TRINITY_DN851_c0_g2_i11,5_M_W_vs_8_M_W_up
Q200_k25_TRINITY_DN4276_c0_g1_i16,5_M_W_vs_8_M_W_up
F1-Bulk-1_k31_TRINITY_DN16468_c0_g1_i4,5_M_W_vs_8_M_W_up
SP80-3280_Mattielo_SP803280_c33679_g1_i1,5_M_W_vs_8_M_W_up
B1_k25_TRINITY_DN37893_c0_g2_i1,5_M_W_vs_8_M_W_up
GUC2_k31_TRINITY_DN16_c0_g1_i6,5_M_W_vs_8_M_W_up
MT11-610_k31_TRINITY_DN99704_c0_g1_i5,5_M_W_vs_8_M_W_up
Q200_k31_TRINITY_DN1755_c0_g1_i13,5_M_W_vs_8_M_W_up
ROC26_k31_TRINITY_DN124271_c0_g1_i1,5_M_W_vs_8_M_W_up
F1-Bulk-2_k25_TRINITY_DN122122_c0_g1_i1,5_M_W_vs_8_M_W_up
TUC717_k25_TRINITY_DN4565_c0_g1_i2,5_M_W_vs_8_M_W_up
KQB07-23990_k25_TRINITY_DN83263_c0_g1_i1,5_M_W_vs_8_M_W_up
GXU-34176_k25_TRINITY_DN7227_c0_g1_i2,5_M_W_vs_8_M_W_up
QS99-2014_k31_TRINITY_DN2867_c0_g1_i4,5_M_W_vs_8_M_W_up
ROC20_k31_TRINITY_DN28_c0_g1_i45,5_M_W_vs_8_M_W_up
ROC22_k31_TRINITY_DN9117_c1_g1_i4,5_M_W_vs_8_M_W_up
QS99-2014_k25_TRINITY_DN40396_c0_g1_i11,5_M_W_vs_8_M_W_up
ROC26_k25_TRINITY_DN7992_c0_g1_i2,5_M_W_vs_8_M_W_up
MS6847_k31_TRINITY_DN14635_c0_g2_i2,5_M_W_vs_8_M_W_up
SP80-3280_Mattielo_SP803280_c114676_g1_i7,5_M_W_vs_8_M_W_up
QC02-402_k31_TRINITY_DN4680_c1_g1_i9,5_M_W_vs_8_M_W_up
MS6847_k25_TRINITY_DN11986_c0_g1_i18,5_M_W_vs_8_M_W_up
ROC22_k31_TRINITY_DN6090_c0_g1_i1,5_M_W_vs_8_M_W_up
TUC717_k25_TRINITY_DN4997_c0_g1_i5,5_M_W_vs_8_M_W_up
CC011940_Sobic.003G202400.1.mrna1,5_M_W_vs_8_M_W_up
ROC22_k31_TRINITY_DN98784_c0_g1_i1,5_M_W_vs_8_M_W_up
Co06022_k31_TRINITY_DN7294_c0_g4_i4,5_M_W_vs_8_M_W_up
QN05-803_k25_TRINITY_DN11446_c0_g1_i2,5_M_W_vs_8_M_W_up
GN18_k25_TRINITY_DN61498_c0_g1_i1,5_M_W_vs_8_M_W_up
GN18_k25_TRINITY_DN66836_c0_g2_i9,5_M_W_vs_8_M_W_up
US851008_k31_TRINITY_DN8552_c0_g1_i2,5_M_W_vs_8_M_W_up
RB855156_k25_TRINITY_DN1047_c0_g1_i6,5_M_W_vs_8_M_W_up
LCP85-384_k25_TRINITY_DN531_c0_g3_i1,5_M_W_vs_8_M_W_up
MT11-610_k31_TRINITY_DN6627_c0_g1_i2,5_M_W_vs_8_M_W_up
US851008_k31_TRINITY_DN275_c0_g1_i3,5_M_W_vs_8_M_W_up
LCP85-384_k25_TRINITY_DN117120_c0_g2_i1,5_M_W_vs_8_M_W_up
KQB08-32953_k25_TRINITY_DN4751_c0_g1_i4,5_M_W_vs_8_M_W_up
LCP85-384_k25_TRINITY_DN5386_c1_g1_i4,5_M_W_vs_8_M_W_up
QN05-1460_k31_TRINITY_DN3961_c0_g1_i14,5_M_W_vs_8_M_W_up
GN18_k25_TRINITY_DN5185_c0_g1_i8,5_M_W_vs_8_M_W_up
QA96-1749_k25_TRINITY_DN39_c0_g1_i9,5_M_W_vs_8_M_W_up
MT11-610_k25_TRINITY_DN5777_c0_g2_i3,5_M_W_vs_8_M_W_up
QN05-1509_k25_TRINITY_DN7549_c0_g1_i13,5_M_W_vs_8_M_W_up
QA02-1009_k31_TRINITY_DN4260_c0_g2_i2,5_M_W_vs_8_M_W_up
US851008_k25_TRINITY_DN7337_c0_g1_i3,5_M_W_vs_8_M_W_up
Co8021_k31_TRINITY_DN10339_c0_g1_i1,5_M_W_vs_8_M_W_up
ROC22_k31_TRINITY_DN34143_c0_g1_i14,5_M_W_vs_8_M_W_up
FN95-1702_k25_TRINITY_DN131053_c0_g1_i1,5_M_W_vs_8_M_W_up
QA02-1009_k31_TRINITY_DN1041_c0_g1_i6,5_M_W_vs_8_M_W_up
CP74-2005_k31_TRINITY_DN43822_c0_g3_i3,5_M_W_vs_8_M_W_up
CP74-2005_k25_TRINITY_DN25994_c0_g2_i9,5_M_W_vs_8_M_W_up
QC02-402_k31_TRINITY_DN45522_c0_g3_i2,5_M_W_vs_8_M_W_up
MT11-610_k31_TRINITY_DN33111_c0_g2_i3,5_M_W_vs_8_M_W_up
B2_k31_TRINITY_DN50675_c0_g1_i6,5_M_W_vs_8_M_W_up
ROC22_k31_TRINITY_DN26990_c0_g1_i4,5_M_W_vs_8_M_W_up
Q241_k31_TRINITY_DN3977_c0_g1_i2,5_M_W_vs_8_M_W_up
MT11-610_k25_TRINITY_DN73926_c0_g1_i2,5_M_W_vs_8_M_W_up
Q241_k25_TRINITY_DN1903_c0_g1_i5,5_M_W_vs_8_M_W_up
SP80-3280_unmappedk31_TRINITY_DN13841_c0_g2_i6,5_M_W_vs_8_M_W_up
Q200_k31_TRINITY_DN2476_c0_g1_i6,5_M_W_vs_8_M_W_up
ROC22_k31_TRINITY_DN9588_c0_g2_i1,5_M_W_vs_8_M_W_up
ROC26_k31_TRINITY_DN900_c1_g1_i3,5_M_W_vs_8_M_W_up
F1-Bulk-1_k31_TRINITY_DN10830_c0_g4_i2,5_M_W_vs_8_M_W_up
KQB07-24739_k25_TRINITY_DN4681_c0_g1_i1,5_M_W_vs_8_M_W_up
F1-Bulk-1_k31_TRINITY_DN3792_c0_g1_i2,5_M_W_vs_8_M_W_up
QC02-402_k25_TRINITY_DN80272_c0_g1_i1,5_M_W_vs_8_M_W_up
RB72454_k31_TRINITY_DN5700_c0_g1_i22,5_M_W_vs_8_M_W_up
SP80-3280_Mattielo_SP803280_c13512_g1_i1,5_M_W_vs_8_M_W_up
B2_k25_TRINITY_DN7729_c0_g1_i5,5_M_W_vs_8_M_W_up
TUC717_k25_TRINITY_DN2793_c0_g1_i3,5_M_W_vs_8_M_W_up
US851008_k31_TRINITY_DN2705_c1_g1_i5,5_M_W_vs_8_M_W_up
CP74-2005_k31_TRINITY_DN21504_c1_g1_i1,5_M_W_vs_8_M_W_up
QC02-402_k25_TRINITY_DN47403_c1_g1_i3,5_M_W_vs_8_M_W_up
CoV92102_k31_TRINITY_DN12108_c0_g1_i6,5_M_W_vs_8_M_W_up
KQB09-23137_k31_TRINITY_DN1251_c0_g1_i3,5_M_W_vs_8_M_W_up
ROC22_k25_TRINITY_DN18338_c0_g1_i16,5_M_W_vs_8_M_W_up
Q200_k31_TRINITY_DN11454_c0_g1_i8,5_M_W_vs_8_M_W_up
KQB08-32953_k25_TRINITY_DN54185_c0_g2_i1,5_M_W_vs_8_M_W_up
Co06022_k25_TRINITY_DN11216_c0_g1_i7,5_M_W_vs_8_M_W_up
QBYN04-26041_k31_TRINITY_DN2129_c0_g1_i5,5_M_W_vs_8_M_W_up
SP80-3280_Mattielo_SP803280_c27628_g1_i4,5_M_W_vs_8_M_W_up
GXU-34176_k31_TRINITY_DN10332_c0_g1_i5,5_M_W_vs_8_M_W_up
QA96-1749_k31_TRINITY_DN6714_c0_g2_i10,5_M_W_vs_8_M_W_up
QN05-1460_k25_TRINITY_DN5331_c0_g1_i4,5_M_W_vs_8_M_W_up
SP80-3280_Mattielo_SP803280_c82605_g1_i1,5_M_W_vs_8_M_W_up
B2_k31_TRINITY_DN26080_c0_g2_i12,5_M_W_vs_8_M_W_up
US851008_k25_TRINITY_DN31219_c0_g1_i2,5_M_W_vs_8_M_W_up
Q200_k25_TRINITY_DN2856_c0_g1_i10,5_M_W_vs_8_M_W_up
GUC2_k25_TRINITY_DN13222_c0_g1_i1,5_M_W_vs_8_M_W_up
KQB08-32953_k25_TRINITY_DN4374_c0_g1_i7,5_M_W_vs_8_M_W_up
Co8021_k31_TRINITY_DN2835_c0_g2_i1,5_M_W_vs_8_M_W_up
GXU-34176_k25_TRINITY_DN28518_c0_g1_i1,5_M_W_vs_8_M_W_up
QA96-1749_k31_TRINITY_DN5610_c1_g1_i3,5_M_W_vs_8_M_W_up
QA02-1009_k31_TRINITY_DN1171_c1_g1_i1,5_M_W_vs_8_M_W_up
SP80-3280_Mattielo_SP803280_c99694_g2_i2,5_M_W_vs_8_M_W_up
QN05-1509_k31_TRINITY_DN41080_c0_g1_i6,5_M_W_vs_8_M_W_up
KQ08-2850_k31_TRINITY_DN19873_c0_g1_i3,5_M_W_vs_8_M_W_up
KQB08-32953_k31_TRINITY_DN20866_c0_g1_i1,5_M_W_vs_8_M_W_up
TUC717_k31_TRINITY_DN2273_c0_g1_i8,5_M_W_vs_8_M_W_up
GUC10_k25_TRINITY_DN10051_c1_g1_i2,5_M_W_vs_8_M_W_up
CP74-2005_k31_TRINITY_DN13993_c0_g2_i3,5_M_W_vs_8_M_W_up
QN05-1743_k25_TRINITY_DN2052_c0_g2_i13,5_M_W_vs_8_M_W_up
QA02-1009_k31_TRINITY_DN43995_c0_g1_i3,5_M_W_vs_8_M_W_up
QBYN04-26041_k31_TRINITY_DN39749_c0_g1_i7,5_M_W_vs_8_M_W_up
CP74-2005_k31_TRINITY_DN31429_c0_g4_i3,5_M_W_vs_8_M_W_up
GN18_k31_TRINITY_DN5194_c0_g1_i7,5_M_W_vs_8_M_W_up
KQB09-20432_k31_TRINITY_DN2008_c0_g1_i7,5_M_W_vs_8_M_W_up
GN18_k31_TRINITY_DN10829_c0_g1_i4,5_M_W_vs_8_M_W_up
T2_k31_TRINITY_DN1955_c0_g1_i7,5_M_W_vs_8_M_W_up
QS99-2014_k25_TRINITY_DN20593_c0_g1_i3,5_M_W_vs_8_M_W_up
ROC26_k31_TRINITY_DN9298_c0_g2_i6,5_M_W_vs_8_M_W_up
QBYN04-26041_k31_TRINITY_DN1197_c0_g1_i12,5_M_W_vs_8_M_W_up
KQB09-20620_k25_TRINITY_DN10352_c0_g1_i2,5_M_W_vs_8_M_W_up
Q200_k25_TRINITY_DN2024_c0_g1_i4,5_M_W_vs_8_M_W_up
CP74-2005_k25_TRINITY_DN16725_c0_g2_i5,5_M_W_vs_8_M_W_up
KQB07-24619_k25_TRINITY_DN11922_c0_g2_i1,5_M_W_vs_8_M_W_up
KQB09-20432_k25_TRINITY_DN1693_c1_g1_i1,5_M_W_vs_8_M_W_up
Co8021_k25_TRINITY_DN24481_c0_g1_i2,5_M_W_vs_8_M_W_up
F1-Bulk-2_k31_TRINITY_DN14497_c0_g2_i1,5_M_W_vs_8_M_W_up
GN18_k25_TRINITY_DN28008_c0_g2_i2,5_M_W_vs_8_M_W_up
QA96-1749_k25_TRINITY_DN5400_c0_g1_i2,5_M_W_vs_8_M_W_up
LCP85-384_k25_TRINITY_DN256932_c0_g1_i1,5_M_W_vs_8_M_W_up
ROC26_k31_TRINITY_DN52695_c0_g1_i2,5_M_W_vs_8_M_W_up
KQB09-20432_k31_TRINITY_DN12377_c0_g1_i5,5_M_W_vs_8_M_W_up
GUC10_k31_TRINITY_DN57699_c0_g1_i1,5_M_W_vs_8_M_W_up
Q200_k25_TRINITY_DN65537_c0_g2_i3,5_M_W_vs_8_M_W_up
RB855156_k25_TRINITY_DN1945_c1_g1_i6,5_M_W_vs_8_M_W_up
GUC2_k25_TRINITY_DN4945_c0_g1_i7,5_M_W_vs_8_M_W_up
LCP85-384_k31_TRINITY_DN11464_c0_g1_i12,5_M_W_vs_8_M_W_up
SP80-3280_unmappedk25_TRINITY_DN11751_c0_g1_i1,5_M_W_vs_8_M_W_up
ROC20_k25_TRINITY_DN7248_c0_g1_i3,5_M_W_vs_8_M_W_up
ROC26_k31_TRINITY_DN13768_c0_g3_i2,5_M_W_vs_8_M_W_up
Q200_k25_TRINITY_DN53467_c0_g1_i1,5_M_W_vs_8_M_W_up
CP74-2005_k25_TRINITY_DN2390_c1_g1_i5,5_M_W_vs_8_M_W_up
T1_k25_TRINITY_DN2555_c0_g2_i4,5_M_W_vs_8_M_W_up
KQB08-32953_k31_TRINITY_DN4575_c0_g1_i5,5_M_W_vs_8_M_W_up
F1-Bulk-1_k25_TRINITY_DN20963_c0_g1_i1,5_M_W_vs_8_M_W_up
ROC20_k25_TRINITY_DN119436_c0_g1_i1,5_M_W_vs_8_M_W_up
QA96-1749_k25_TRINITY_DN5669_c0_g1_i3,5_M_W_vs_8_M_W_up
Co8021_k31_TRINITY_DN8310_c0_g1_i24,5_M_W_vs_8_M_W_up
Q241_k25_TRINITY_DN38852_c0_g1_i2,5_M_W_vs_8_M_W_up
LCP85-384_k31_TRINITY_DN15502_c0_g2_i5,5_M_W_vs_8_M_W_up
Co8021_k25_TRINITY_DN9367_c0_g2_i1,5_M_W_vs_8_M_W_up
US851008_k25_TRINITY_DN11468_c0_g2_i1,5_M_W_vs_8_M_W_up
Co06022_k31_TRINITY_DN10956_c0_g1_i2,5_M_W_vs_8_M_W_up
T1_k31_TRINITY_DN13386_c0_g2_i5,5_M_W_vs_8_M_W_up
QS99-2014_k25_TRINITY_DN5062_c0_g1_i10,5_M_W_vs_8_M_W_up
SP80-3280_Mattielo_SP803280_c95921_g1_i6,5_M_W_vs_8_M_W_up
GUC10_k31_TRINITY_DN8900_c0_g2_i3,5_M_W_vs_8_M_W_up
LCP85-384_k31_TRINITY_DN25221_c0_g2_i1,5_M_W_vs_8_M_W_up
Q200_k31_TRINITY_DN7134_c0_g1_i8,5_M_W_vs_8_M_W_up
SP80-3280_Mattielo_SP803280_c112807_g2_i3,5_M_W_vs_8_M_W_up
SP80-3280_Mattielo_SP803280_c87447_g1_i2,5_M_W_vs_8_M_W_up
MT11-610_k31_TRINITY_DN62511_c0_g2_i1,5_M_W_vs_8_M_W_up
SP803280_CTBE_evm.model.SCSP803280_000028670.1,5_M_W_vs_8_M_W_up
ROC22_k25_TRINITY_DN11200_c1_g1_i10,5_M_W_vs_8_M_W_up
TUC717_k31_TRINITY_DN729_c0_g2_i1,5_M_W_vs_8_M_W_up
CP74-2005_k25_TRINITY_DN20031_c0_g1_i8,5_M_W_vs_8_M_W_up
US851008_k25_TRINITY_DN3689_c0_g1_i5,5_M_W_vs_8_M_W_up
GT96-167_k25_TRINITY_DN24668_c0_g1_i2,5_M_W_vs_8_M_W_up
CoV92102_k31_TRINITY_DN10077_c0_g1_i8,5_M_W_vs_8_M_W_up
MT11-610_k31_TRINITY_DN25699_c0_g1_i4,5_M_W_vs_8_M_W_up
MT11-610_k31_TRINITY_DN3103_c0_g1_i5,5_M_W_vs_8_M_W_up
ROC20_k25_TRINITY_DN17194_c0_g1_i3,5_M_W_vs_8_M_W_up
QN05-1460_k31_TRINITY_DN377_c0_g1_i8,5_M_W_vs_8_M_W_up
MT11-610_k31_TRINITY_DN6294_c0_g1_i14,5_M_W_vs_8_M_W_up
ROC22_k31_TRINITY_DN33026_c0_g1_i1,5_M_W_vs_8_M_W_up
QBYN04-26041_k25_TRINITY_DN11782_c0_g1_i6,5_M_W_vs_8_M_W_up
GN18_k25_TRINITY_DN10093_c0_g1_i4,5_M_W_vs_8_M_W_up
MT11-610_k31_TRINITY_DN8642_c0_g1_i6,5_M_W_vs_8_M_W_up
QBYN04-26041_k31_TRINITY_DN12184_c0_g1_i3,5_M_W_vs_8_M_W_up
LCP85-384_k31_TRINITY_DN15828_c0_g1_i8,5_M_W_vs_8_M_W_up
QN05-1743_k25_TRINITY_DN1550_c0_g1_i1,5_M_W_vs_8_M_W_up
RB855156_k25_TRINITY_DN38100_c1_g1_i1,5_M_W_vs_8_M_W_up
KQB07-24619_k31_TRINITY_DN818_c0_g1_i5,5_M_W_vs_8_M_W_up
LCP85-384_k31_TRINITY_DN123421_c0_g2_i1,5_M_W_vs_8_M_W_up
CP74-2005_k31_TRINITY_DN2657_c0_g1_i19,5_M_W_vs_8_M_W_up
GXU-34140_k25_TRINITY_DN47920_c0_g1_i1,5_M_W_vs_8_M_W_up
ROC22_k25_TRINITY_DN304_c1_g1_i2,5_M_W_vs_8_M_W_up
QS99-2014_k31_TRINITY_DN10417_c0_g1_i3,5_M_W_vs_8_M_W_up
QN05-1743_k25_TRINITY_DN44477_c0_g2_i3,5_M_W_vs_8_M_W_up
T1_k25_TRINITY_DN21225_c0_g2_i5,5_M_W_vs_8_M_W_up
KQB09-20432_k25_TRINITY_DN6048_c0_g1_i1,5_M_W_vs_8_M_W_up
ROC22_k25_TRINITY_DN40952_c0_g1_i6,5_M_W_vs_8_M_W_up
KQB07-24619_k25_TRINITY_DN3919_c0_g2_i2,5_M_W_vs_8_M_W_up
T1_k25_TRINITY_DN7888_c0_g1_i11,5_M_W_vs_8_M_W_up
SP80-3280_unmappedk25_TRINITY_DN18025_c0_g1_i2,5_M_W_vs_8_M_W_up
KQ08-2850_k31_TRINITY_DN3110_c0_g2_i1,5_M_W_vs_8_M_W_up
KQB09-20432_k25_TRINITY_DN9508_c0_g1_i1,5_M_W_vs_8_M_W_up
Co8021_k31_TRINITY_DN18202_c0_g1_i6,5_M_W_vs_8_M_W_up
KQ08-2850_k31_TRINITY_DN526_c0_g1_i11,5_M_W_vs_8_M_W_up
RB855156_k31_TRINITY_DN3181_c0_g2_i1,5_M_W_vs_8_M_W_up
CoV92102_k31_TRINITY_DN989_c0_g1_i3,5_M_W_vs_8_M_W_up
QN05-1460_k31_TRINITY_DN725_c0_g1_i7,5_M_W_vs_8_M_W_up
KQB09-20620_k25_TRINITY_DN2698_c0_g1_i1,5_M_W_vs_8_M_W_up
CoV92102_k31_TRINITY_DN9632_c1_g1_i1,5_M_W_vs_8_M_W_up
KQB07-24619_k31_TRINITY_DN15248_c0_g1_i2,5_M_W_vs_8_M_W_up
ROC26_k25_TRINITY_DN25041_c0_g1_i2,5_M_W_vs_8_M_W_up
F1-Bulk-2_k25_TRINITY_DN27721_c1_g1_i6,5_M_W_vs_8_M_W_up
TUC717_k25_TRINITY_DN12536_c0_g1_i9,5_M_W_vs_8_M_W_up
QBYN04-26041_k25_TRINITY_DN4981_c0_g1_i1,5_M_W_vs_8_M_W_up
SP803280_IQUSP_evm.model.uti_cns_0284320.1,5_M_W_vs_8_M_W_up
ROC20_k31_TRINITY_DN8719_c0_g1_i8,5_M_W_vs_8_M_W_up
QN05-1509_k25_TRINITY_DN5554_c0_g2_i1,5_M_W_vs_8_M_W_up
Co8021_k25_TRINITY_DN10849_c0_g1_i13,5_M_W_vs_8_M_W_up
KQB07-23990_k31_TRINITY_DN3262_c0_g2_i2,5_M_W_vs_8_M_W_up
CoV92102_k31_TRINITY_DN3807_c0_g2_i1,5_M_W_vs_8_M_W_up
FN95-1702_k31_TRINITY_DN23965_c0_g2_i3,5_M_W_vs_8_M_W_up
KQB07-23990_k25_TRINITY_DN9527_c0_g2_i3,5_M_W_vs_8_M_W_up
KQB07-24619_k25_TRINITY_DN23271_c0_g1_i5,5_M_W_vs_8_M_W_up
KQB07-24739_k25_TRINITY_DN70650_c0_g1_i1,5_M_W_vs_8_M_W_up
QN05-1460_k31_TRINITY_DN2137_c0_g1_i10,5_M_W_vs_8_M_W_up
KQ08-2850_k31_TRINITY_DN3939_c0_g1_i2,5_M_W_vs_8_M_W_up
RB855156_k31_TRINITY_DN1708_c0_g1_i6,5_M_W_vs_8_M_W_up
ROC22_k31_TRINITY_DN18069_c0_g1_i13,5_M_W_vs_8_M_W_up
SP803280_IQUSP_evm.model.uti_cns_0351519.1,5_M_W_vs_8_M_W_up
MT11-610_k31_TRINITY_DN74899_c1_g1_i5,5_M_W_vs_8_M_W_up
US851008_k25_TRINITY_DN2677_c0_g1_i12,5_M_W_vs_8_M_W_up
KQB09-23137_k25_TRINITY_DN1760_c0_g1_i4,5_M_W_vs_8_M_W_up
MT11-610_k31_TRINITY_DN29502_c0_g2_i6,5_M_W_vs_8_M_W_up
SP80-3280_Mattielo_SP803280_c92474_g1_i3,5_M_W_vs_8_M_W_up
ROC20_k31_TRINITY_DN9318_c1_g2_i4,5_M_W_vs_8_M_W_up
GN18_k31_TRINITY_DN28640_c0_g1_i1,5_M_W_vs_8_M_W_up
QC02-402_k25_TRINITY_DN378_c0_g1_i9,5_M_W_vs_8_M_W_up
ROC22_k25_TRINITY_DN23662_c0_g1_i5,5_M_W_vs_8_M_W_up
QN05-1509_k31_TRINITY_DN40609_c1_g1_i5,5_M_W_vs_8_M_W_up
ROC20_k25_TRINITY_DN8903_c0_g2_i7,5_M_W_vs_8_M_W_up
CC011940_cc_00050168-RA,5_M_W_vs_8_M_W_up
B2_k31_TRINITY_DN12697_c1_g1_i1,5_M_W_vs_8_M_W_up
CC011940_cc_00047340-RA,5_M_W_vs_8_M_W_up
KQB08-32953_k25_TRINITY_DN18998_c0_g1_i4,5_M_W_vs_8_M_W_up
B1_k25_TRINITY_DN2524_c0_g1_i3,5_M_W_vs_8_M_W_up
ROC26_k25_TRINITY_DN18308_c0_g2_i5,5_M_W_vs_8_M_W_up
GXU-34176_k31_TRINITY_DN60158_c0_g1_i10,5_M_W_vs_8_M_W_up
LCP85-384_k31_TRINITY_DN282_c0_g1_i12,5_M_W_vs_8_M_W_up
QA02-1009_k25_TRINITY_DN5276_c0_g1_i16,5_M_W_vs_8_M_W_up
US851008_k25_TRINITY_DN7118_c0_g1_i6,5_M_W_vs_8_M_W_up
SP80-3280_Mattielo_SP803280_c97668_g2_i2,5_M_W_vs_8_M_W_up
LCP85-384_k31_TRINITY_DN9781_c0_g1_i3,5_M_W_vs_8_M_W_up
QN05-1743_k31_TRINITY_DN3370_c0_g2_i1,5_M_W_vs_8_M_W_up
ROC20_k25_TRINITY_DN90820_c0_g1_i1,5_M_W_vs_8_M_W_up
MT11-610_k25_TRINITY_DN41057_c0_g2_i6,5_M_W_vs_8_M_W_up
SP80-3280_Mattielo_SP803280_c105914_g1_i6,5_M_W_vs_8_M_W_up
QC02-402_k25_TRINITY_DN8877_c0_g1_i3,5_M_W_vs_8_M_W_up
TUC717_k25_TRINITY_DN569_c0_g1_i20,5_M_W_vs_8_M_W_up
MS6847_k25_TRINITY_DN7037_c0_g1_i18,5_M_W_vs_8_M_W_up
LCP85-384_k25_TRINITY_DN72798_c1_g2_i1,5_M_W_vs_8_M_W_up
GT96-167_k31_TRINITY_DN9846_c0_g1_i8,5_M_W_vs_8_M_W_up
Co8021_k25_TRINITY_DN14345_c0_g2_i6,5_M_W_vs_8_M_W_up
CP74-2005_k31_TRINITY_DN51511_c0_g2_i5,5_M_W_vs_8_M_W_up
ROC22_k25_TRINITY_DN68334_c0_g1_i6,5_M_W_vs_8_M_W_up
KQB07-24619_k25_TRINITY_DN3870_c0_g1_i4,5_M_W_vs_8_M_W_up
ROC26_k25_TRINITY_DN5608_c0_g2_i8,5_M_W_vs_8_M_W_up
Q241_k25_TRINITY_DN2091_c0_g1_i7,5_M_W_vs_8_M_W_up
MS6847_k31_TRINITY_DN10271_c0_g1_i4,5_M_W_vs_8_M_W_up
MT11-610_k31_TRINITY_DN43434_c0_g1_i10,5_M_W_vs_8_M_W_up
KQB08-32953_k31_TRINITY_DN2131_c0_g1_i9,5_M_W_vs_8_M_W_up
Co06022_k31_TRINITY_DN16933_c0_g1_i13,5_M_W_vs_8_M_W_up
GN18_k31_TRINITY_DN22957_c0_g2_i14,5_M_W_vs_8_M_W_up
QS99-2014_k31_TRINITY_DN478_c0_g2_i1,5_M_W_vs_8_M_W_up
ROC22_k25_TRINITY_DN16176_c1_g3_i2,5_M_W_vs_8_M_W_up
MT11-610_k25_TRINITY_DN152198_c0_g1_i2,5_M_W_vs_8_M_W_up
SP803280_IQUSP_evm.model.uti_cns_0360519.1,5_M_W_vs_8_M_W_up
US851008_k31_TRINITY_DN13827_c0_g1_i3,5_M_W_vs_8_M_W_up
LCP85-384_k25_TRINITY_DN44877_c0_g1_i2,5_M_W_vs_8_M_W_up
B2_k31_TRINITY_DN26827_c0_g1_i1,5_M_W_vs_8_M_W_up
LCP85-384_k25_TRINITY_DN13745_c0_g2_i1,5_M_W_vs_8_M_W_up
Co06022_k31_TRINITY_DN21250_c0_g1_i11,5_M_W_vs_8_M_W_up
KQB07-24619_k31_TRINITY_DN14823_c0_g2_i2,5_M_W_vs_8_M_W_up
B2_k31_TRINITY_DN14193_c0_g1_i2,5_M_W_vs_8_M_W_up
T1_k25_TRINITY_DN13919_c0_g2_i2,5_M_W_vs_8_M_W_up
KQ08-2850_k25_TRINITY_DN2776_c0_g1_i1,5_M_W_vs_8_M_W_up
ROC20_k31_TRINITY_DN112565_c0_g1_i2,5_M_W_vs_8_M_W_up
MT11-610_k31_TRINITY_DN6549_c1_g1_i6,5_M_W_vs_8_M_W_up
ROC22_k31_TRINITY_DN125934_c0_g1_i1,5_M_W_vs_8_M_W_up
QN05-1460_k25_TRINITY_DN12871_c0_g1_i1,5_M_W_vs_8_M_W_up
B1_k31_TRINITY_DN21813_c3_g1_i1,5_M_W_vs_8_M_W_up
QC02-402_k31_TRINITY_DN6973_c0_g1_i4,5_M_W_vs_8_M_W_up
KQB07-24739_k25_TRINITY_DN13769_c0_g1_i9,5_M_W_vs_8_M_W_up
KQ08-2850_k25_TRINITY_DN9957_c0_g1_i1,5_M_W_vs_8_M_W_up
QA02-1009_k25_TRINITY_DN4546_c0_g1_i1,5_M_W_vs_8_M_W_up
KQB07-24739_k25_TRINITY_DN8495_c0_g1_i7,5_M_W_vs_8_M_W_up
MT11-610_k25_TRINITY_DN24953_c0_g2_i5,5_M_W_vs_8_M_W_up
F1-Bulk-1_k25_TRINITY_DN1708_c0_g1_i2,5_M_W_vs_8_M_W_up
KQB07-23990_k25_TRINITY_DN9892_c0_g1_i6,5_M_W_vs_8_M_W_up
QA96-1749_k31_TRINITY_DN3768_c0_g1_i1,5_M_W_vs_8_M_W_up
KQB07-24739_k25_TRINITY_DN6671_c0_g1_i2,5_M_W_vs_8_M_W_up
MT11-610_k31_TRINITY_DN201054_c0_g1_i1,5_M_W_vs_8_M_W_up
GT96-167_k31_TRINITY_DN2134_c0_g3_i1,5_M_W_vs_8_M_W_up
GN18_k31_TRINITY_DN33606_c0_g2_i1,5_M_W_vs_8_M_W_up
MT11-610_k25_TRINITY_DN3291_c0_g2_i9,5_M_W_vs_8_M_W_up
FN95-1702_k25_TRINITY_DN7528_c0_g1_i7,5_M_W_vs_8_M_W_up
MS6847_k25_TRINITY_DN4964_c0_g2_i4,5_M_W_vs_8_M_W_up
MT11-610_k31_TRINITY_DN54894_c0_g1_i5,5_M_W_vs_8_M_W_up
CP74-2005_k31_TRINITY_DN248109_c0_g1_i1,5_M_W_vs_8_M_W_up
TUC717_k25_TRINITY_DN17768_c0_g1_i2,5_M_W_vs_8_M_W_up
SP803280_IQUSP_evm.model.uti_cns_0299406.4,5_M_W_vs_8_M_W_up
KQ08-2850_k25_TRINITY_DN2839_c0_g1_i3,5_M_W_vs_8_M_W_up
Co06022_k25_TRINITY_DN11512_c0_g1_i5,5_M_W_vs_8_M_W_up
KQB07-23863_k31_TRINITY_DN8181_c0_g1_i1,5_M_W_vs_8_M_W_up
ROC26_k31_TRINITY_DN7335_c0_g1_i1,5_M_W_vs_8_M_W_up
QS99-2014_k25_TRINITY_DN2674_c0_g1_i2,5_M_W_vs_8_M_W_up
MS6847_k25_TRINITY_DN4528_c0_g1_i4,5_M_W_vs_8_M_W_up
KQB07-23863_k25_TRINITY_DN16010_c0_g1_i1,5_M_W_vs_8_M_W_up
QA02-1009_k25_TRINITY_DN49031_c0_g1_i6,5_M_W_vs_8_M_W_up
CP74-2005_k25_TRINITY_DN113596_c0_g1_i2,5_M_W_vs_8_M_W_up
QN05-803_k25_TRINITY_DN8367_c0_g1_i5,5_M_W_vs_8_M_W_up
US851008_k25_TRINITY_DN12968_c0_g3_i1,5_M_W_vs_8_M_W_up
SP80-3280_Mattielo_SP803280_c82014_g3_i1,5_M_W_vs_8_M_W_up
TUC717_k25_TRINITY_DN3825_c0_g1_i7,5_M_W_vs_8_M_W_up
KQB07-23990_k25_TRINITY_DN7712_c0_g1_i2,5_M_W_vs_8_M_W_up
ROC22_k25_TRINITY_DN30229_c0_g3_i1,5_M_W_vs_8_M_W_up
ROC22_k25_TRINITY_DN6140_c0_g1_i1,5_M_W_vs_8_M_W_up
SP803280_CTBE_evm.model.SCSP803280_000018033.1,5_M_W_vs_8_M_W_up
QC02-402_k31_TRINITY_DN8915_c1_g1_i6,5_M_W_vs_8_M_W_up
SP803280_IQUSP_evm.model.uti_cns_0090141.1,5_M_W_vs_8_M_W_up
GT96-167_k25_TRINITY_DN10812_c0_g1_i1,5_M_W_vs_8_M_W_up
ROC22_k31_TRINITY_DN3867_c0_g1_i1,5_M_W_vs_8_M_W_up
GUC10_k25_TRINITY_DN32293_c0_g1_i1,5_M_W_vs_8_M_W_up
SP80-3280_Mattielo_SP803280_c106324_g4_i1,5_M_W_vs_8_M_W_up
RB72454_k31_TRINITY_DN1192_c0_g1_i5,5_M_W_vs_8_M_W_up
QN05-1743_k31_TRINITY_DN4613_c0_g2_i9,5_M_W_vs_8_M_W_up
F1-Bulk-1_k31_TRINITY_DN13377_c0_g3_i1,5_M_W_vs_8_M_W_up
QA96-1749_k25_TRINITY_DN33865_c4_g1_i2,5_M_W_vs_8_M_W_up
US851008_k31_TRINITY_DN2540_c0_g1_i14,5_M_W_vs_8_M_W_up
ROC20_k25_TRINITY_DN13437_c0_g3_i3,5_M_W_vs_8_M_W_up
QN05-803_k25_TRINITY_DN18159_c0_g1_i1,5_M_W_vs_8_M_W_up
QS99-2014_k31_TRINITY_DN665_c0_g1_i13,5_M_W_vs_8_M_W_up
ROC22_k25_TRINITY_DN141370_c0_g1_i2,5_M_W_vs_8_M_W_up
SP803280_CTBE_evm.model.SCSP803280_000095157.3,5_M_W_vs_8_M_W_up
Q200_k25_TRINITY_DN9956_c0_g1_i4,5_M_W_vs_8_M_W_up
ROC22_k25_TRINITY_DN20058_c0_g1_i1,5_M_W_vs_8_M_W_up
QA02-1009_k31_TRINITY_DN56818_c0_g1_i5,5_M_W_vs_8_M_W_up
CoV92102_k31_TRINITY_DN17617_c0_g1_i5,5_M_W_vs_8_M_W_up
LCP85-384_k31_TRINITY_DN89769_c0_g1_i1,5_M_W_vs_8_M_W_up
US851008_k25_TRINITY_DN9925_c0_g1_i2,5_M_W_vs_8_M_W_up
Co06022_k25_TRINITY_DN5071_c0_g1_i9,5_M_W_vs_8_M_W_up
QBYN04-26041_k25_TRINITY_DN4464_c0_g1_i10,5_M_W_vs_8_M_W_up
QN05-1460_k31_TRINITY_DN688_c0_g3_i1,5_M_W_vs_8_M_W_up
KQB07-23863_k25_TRINITY_DN3558_c0_g1_i12,5_M_W_vs_8_M_W_up
